Date,Open,High,Low,Close,Volume,Ex-Dividend,Split Ratio,Adj. Open,Adj. High,Adj. Low,Adj. Close,Adj. Volume
2013-12-12,9.75,10.0,9.04,9.5,5695400.0,0.0,1.0,1404.0,1440.0,1301.76,1368.0,39551.388888889
2013-12-13,9.42,9.8,9.4,9.75,713600.0,0.0,1.0,1356.48,1411.2,1353.6,1404.0,4955.5555555555
2013-12-16,9.83,9.85,9.59,9.69,28600.0,0.0,1.0,1415.52,1418.4,1380.96,1395.36,198.61111111111
2013-12-17,9.85,9.85,9.58,9.66,117100.0,0.0,1.0,1418.4,1418.4,1379.52,1391.04,813.19444444444
2013-12-18,9.61,9.64,9.37,9.59,308300.0,0.0,1.0,1383.84,1388.16,1349.28,1380.96,2140.9722222222
2013-12-19,9.55,9.68,9.25,9.4,545700.0,0.0,1.0,1375.2,1393.92,1332.0,1353.6,3789.5833333333
2013-12-20,9.4,9.58,9.38,9.38,1526900.0,0.0,1.0,1353.6,1379.52,1350.72,1350.72,10603.472222222
2013-12-23,9.4,9.73,9.3,9.7,812200.0,0.0,1.0,1353.6,1401.12,1339.2,1396.8,5640.2777777778
2013-12-24,9.74,10.18,9.73,10.05,166000.0,0.0,1.0,1402.56,1465.92,1401.12,1447.2,1152.7777777778
2013-12-26,10.1,10.1,9.79,9.98,274700.0,0.0,1.0,1454.4,1454.4,1409.76,1437.12,1907.6388888889
2013-12-27,10.11,10.12,9.65,9.99,692500.0,0.0,1.0,1455.84,1457.28,1389.6,1438.56,4809.0277777778
2013-12-30,9.91,9.91,9.67,9.75,318100.0,0.0,1.0,1427.04,1427.04,1392.48,1404.0,2209.0277777778
2013-12-31,9.75,10.05,9.75,10.05,240700.0,0.0,1.0,1404.0,1447.2,1404.0,1447.2,1671.5277777778
2014-01-02,9.95,10.05,9.7,9.72,661700.0,0.0,1.0,1432.8,1447.2,1396.8,1399.68,4595.1388888889
2014-01-03,9.72,9.78,9.54,9.71,423900.0,0.0,1.0,1399.68,1408.32,1373.76,1398.24,2943.75
2014-01-06,9.86,9.9,9.73,9.73,1509300.0,0.0,1.0,1419.84,1425.6,1401.12,1401.12,10481.25
2014-01-07,9.8,10.04,9.76,9.8,2697800.0,0.0,1.0,1411.2,1445.76,1405.44,1411.2,18734.722222222
2014-01-08,9.85,10.05,9.76,9.96,612500.0,0.0,1.0,1418.4,1447.2,1405.44,1434.24,4253.4722222222
2014-01-09,10.19,10.19,9.8,9.86,489100.0,0.0,1.0,1467.36,1467.36,1411.2,1419.84,3396.5277777778
2014-01-10,9.99,9.99,9.78,9.9,185200.0,0.0,1.0,1438.56,1438.56,1408.32,1425.6,1286.1111111111
2014-01-13,10.0,10.0,9.8,9.82,514000.0,0.0,1.0,1440.0,1440.0,1411.2,1414.08,3569.4444444444
2014-01-14,9.9,9.91,9.71,9.8,1289500.0,0.0,1.0,1425.6,1427.04,1398.24,1411.2,8954.8611111111
2014-01-15,9.83,10.24,9.83,10.24,1226800.0,0.0,1.0,1415.52,1474.56,1415.52,1474.56,8519.4444444444
2014-01-16,10.25,10.67,10.11,10.58,1183900.0,0.0,1.0,1476.0,1536.48,1455.84,1523.52,8221.5277777777
2014-01-17,10.63,10.63,10.28,10.35,312400.0,0.0,1.0,1530.72,1530.72,1480.32,1490.4,2169.4444444444
2014-01-21,10.73,10.73,10.34,10.44,210700.0,0.0,1.0,1545.12,1545.12,1488.96,1503.36,1463.1944444444
2014-01-22,10.44,10.44,10.12,10.28,317500.0,0.0,1.0,1503.36,1503.36,1457.28,1480.32,2204.8611111111
2014-01-23,10.16,10.27,9.81,9.9,739900.0,0.0,1.0,1463.04,1478.88,1412.64,1425.6,5138.1944444444
2014-01-24,9.97,10.01,9.6,9.65,779200.0,0.0,1.0,1435.68,1441.44,1382.4,1389.6,5411.1111111111
2014-01-27,9.85,10.14,9.6,9.77,1064000.0,0.0,1.0,1418.4,1460.16,1382.4,1406.88,7388.8888888889
2014-01-28,9.83,9.99,9.7,9.96,177900.0,0.0,1.0,1415.52,1438.56,1396.8,1434.24,1235.4166666667
2014-01-29,9.95,9.98,9.72,9.86,95100.0,0.0,1.0,1432.8,1437.12,1399.68,1419.84,660.41666666666
2014-01-30,9.86,9.96,9.73,9.83,162200.0,0.0,1.0,1419.84,1434.24,1401.12,1415.52,1126.3888888889
2014-01-31,9.82,10.0,9.74,9.82,182200.0,0.0,1.0,1414.08,1440.0,1402.56,1414.08,1265.2777777778
2014-02-03,9.84,9.95,9.55,9.56,433200.0,0.0,1.0,1416.96,1432.8,1375.2,1376.64,3008.3333333333
2014-02-04,9.61,9.94,9.3,9.92,308000.0,0.0,1.0,1383.84,1431.36,1339.2,1428.48,2138.8888888889
2014-02-05,9.9,9.99,9.8,9.82,216500.0,0.0,1.0,1425.6,1438.56,1411.2,1414.08,1503.4722222222
2014-02-06,9.82,9.93,9.64,9.7,789200.0,0.0,1.0,1414.08,1429.92,1388.16,1396.8,5480.5555555555
2014-02-07,9.74,9.85,9.7,9.73,99700.0,0.0,1.0,1402.56,1418.4,1396.8,1401.12,692.36111111111
2014-02-10,9.7,9.75,9.7,9.73,101600.0,0.0,1.0,1396.8,1404.0,1396.8,1401.12,705.55555555555
2014-02-11,9.81,9.81,9.66,9.74,176400.0,0.0,1.0,1412.64,1412.64,1391.04,1402.56,1225.0
2014-02-12,9.76,9.78,9.51,9.7,151700.0,0.0,1.0,1405.44,1408.32,1369.44,1396.8,1053.4722222222
2014-02-13,9.62,9.76,9.52,9.7,85700.0,0.0,1.0,1385.28,1405.44,1370.88,1396.8,595.13888888889
2014-02-14,9.62,9.7,9.41,9.59,279700.0,0.0,1.0,1385.28,1396.8,1355.04,1380.96,1942.3611111111
2014-02-18,9.8,9.8,9.49,9.56,98700.0,0.0,1.0,1411.2,1411.2,1366.56,1376.64,685.41666666666
2014-02-19,9.55,9.55,9.31,9.31,350100.0,0.0,1.0,1375.2,1375.2,1340.64,1340.64,2431.25
2014-02-20,9.3,9.37,9.16,9.3,153800.0,0.0,1.0,1339.2,1349.28,1319.04,1339.2,1068.0555555556
2014-02-21,9.37,9.48,9.2,9.33,1407300.0,0.0,1.0,1349.28,1365.12,1324.8,1343.52,9772.9166666666
2014-02-24,9.33,9.38,9.25,9.26,126800.0,0.0,1.0,1343.52,1350.72,1332.0,1333.44,880.55555555555
2014-02-25,9.2,9.32,9.09,9.16,174300.0,0.0,1.0,1324.8,1342.08,1308.96,1319.04,1210.4166666667
2014-02-26,9.22,9.45,9.19,9.4,231000.0,0.0,1.0,1327.68,1360.8,1323.36,1353.6,1604.1666666667
2014-02-27,9.4,9.56,9.4,9.45,1642600.0,0.0,1.0,1353.6,1376.64,1353.6,1360.8,11406.944444444
2014-02-28,9.43,9.64,9.4,9.45,579900.0,0.0,1.0,1357.92,1388.16,1353.6,1360.8,4027.0833333333
2014-03-03,9.35,9.44,9.24,9.4,440500.0,0.0,1.0,1346.4,1359.36,1330.56,1353.6,3059.0277777778
2014-03-04,9.44,9.89,9.38,9.63,1017200.0,0.0,1.0,1359.36,1424.16,1350.72,1386.72,7063.8888888889
2014-03-05,9.69,9.8,9.69,9.71,1306500.0,0.0,1.0,1395.36,1411.2,1395.36,1398.24,9072.9166666666
2014-03-06,10.09,10.09,9.71,9.84,4851200.0,0.0,1.0,1452.96,1452.96,1398.24,1416.96,33688.888888889
2014-03-07,9.92,10.2,9.77,10.16,1875900.0,0.0,1.0,1428.48,1468.8,1406.88,1463.04,13027.083333333
2014-03-10,10.16,10.2,9.94,10.0,653200.0,0.0,1.0,1463.04,1468.8,1431.36,1440.0,4536.1111111111
2014-03-11,9.95,10.12,9.73,10.02,5940600.0,0.0,1.0,1432.8,1457.28,1401.12,1442.88,41254.166666666
2014-03-12,9.9,9.96,9.76,9.85,1567100.0,0.0,1.0,1425.6,1434.24,1405.44,1418.4,10882.638888889
2014-03-13,9.83,10.0,9.54,9.59,692300.0,0.0,1.0,1415.52,1440.0,1373.76,1380.96,4807.6388888889
2014-03-14,9.65,9.7,9.27,9.3,1404400.0,0.0,1.0,1389.6,1396.8,1334.88,1339.2,9752.7777777777
2014-03-17,9.3,9.67,9.29,9.64,907600.0,0.0,1.0,1339.2,1392.48,1337.76,1388.16,6302.7777777778
2014-03-18,9.59,9.75,9.59,9.75,1002600.0,0.0,1.0,1380.96,1404.0,1380.96,1404.0,6962.5
2014-03-19,9.75,9.82,9.66,9.82,871400.0,0.0,1.0,1404.0,1414.08,1391.04,1414.08,6051.3888888889
2014-03-20,9.75,9.8,9.49,9.75,509900.0,0.0,1.0,1404.0,1411.2,1366.56,1404.0,3540.9722222222
2014-03-21,9.73,9.93,9.7,9.84,1010000.0,0.0,1.0,1401.12,1429.92,1396.8,1416.96,7013.8888888889
2014-03-24,9.81,9.97,9.7,9.92,1509200.0,0.0,1.0,1412.64,1435.68,1396.8,1428.48,10480.555555556
2014-03-25,9.93,10.06,9.84,9.85,1182400.0,0.0,1.0,1429.92,1448.64,1416.96,1418.4,8211.1111111111
2014-03-26,9.88,9.93,9.67,9.82,569900.0,0.0,1.0,1422.72,1429.92,1392.48,1414.08,3957.6388888889
2014-03-27,9.86,10.03,9.75,9.85,902100.0,0.0,1.0,1419.84,1444.32,1404.0,1418.4,6264.5833333333
2014-03-28,9.89,9.99,9.78,9.89,1156500.0,0.0,1.0,1424.16,1438.56,1408.32,1424.16,8031.25
2014-03-31,9.9,10.12,9.88,10.11,18299900.0,0.0,1.0,1425.6,1457.28,1422.72,1455.84,127082.63888889
2014-04-01,10.02,10.33,9.96,10.25,1838800.0,0.0,1.0,1442.88,1487.52,1434.24,1476.0,12769.444444444
2014-04-02,10.24,10.25,10.04,10.12,956600.0,0.0,1.0,1474.56,1476.0,1445.76,1457.28,6643.0555555555
2014-04-03,10.08,10.18,9.94,10.05,616700.0,0.0,1.0,1451.52,1465.92,1431.36,1447.2,4282.6388888889
2014-04-04,10.16,10.19,9.84,9.88,964700.0,0.0,1.0,1463.04,1467.36,1416.96,1422.72,6699.3055555555
2014-04-07,9.83,9.84,9.62,9.64,797500.0,0.0,1.0,1415.52,1416.96,1385.28,1388.16,5538.1944444444
2014-04-08,9.63,9.72,9.55,9.63,601400.0,0.0,1.0,1386.72,1399.68,1375.2,1386.72,4176.3888888889
2014-04-09,9.7,9.8,9.6,9.77,305100.0,0.0,1.0,1396.8,1411.2,1382.4,1406.88,2118.75
2014-04-10,9.75,9.79,9.48,9.51,982400.0,0.0,1.0,1404.0,1409.76,1365.12,1369.44,6822.2222222222
2014-04-11,9.45,9.56,9.19,9.22,967700.0,0.0,1.0,1360.8,1376.64,1323.36,1327.68,6720.1388888889
2014-04-14,9.35,9.35,9.02,9.12,511400.0,0.0,1.0,1346.4,1346.4,1298.88,1313.28,3551.3888888889
2014-04-15,9.19,9.23,9.09,9.2,811300.0,0.0,1.0,1323.36,1329.12,1308.96,1324.8,5634.0277777778
2014-04-16,9.3,9.3,9.1,9.26,456800.0,0.0,1.0,1339.2,1339.2,1310.4,1333.44,3172.2222222222
2014-04-17,9.22,9.34,9.21,9.32,416100.0,0.0,1.0,1327.68,1344.96,1326.24,1342.08,2889.5833333333
2014-04-21,9.29,9.37,9.21,9.29,177400.0,0.0,1.0,1337.76,1349.28,1326.24,1337.76,1231.9444444444
2014-04-22,9.28,9.48,9.16,9.37,396600.0,0.0,1.0,1336.32,1365.12,1319.04,1349.28,2754.1666666667
2014-04-23,9.41,9.43,9.2,9.3,433500.0,0.0,1.0,1355.04,1357.92,1324.8,1339.2,3010.4166666667
2014-04-24,9.33,9.4,9.15,9.19,371400.0,0.0,1.0,1343.52,1353.6,1317.6,1323.36,2579.1666666667
2014-04-25,9.12,9.25,8.97,9.03,560500.0,0.0,1.0,1313.28,1332.0,1291.68,1300.32,3892.3611111111
2014-04-28,9.03,9.05,8.74,8.8,1040400.0,0.0,1.0,1300.32,1303.2,1258.56,1267.2,7225.0
2014-04-29,8.88,8.88,8.65,8.85,539800.0,0.0,1.0,1278.72,1278.72,1245.6,1274.4,3748.6111111111
2014-04-30,8.68,9.03,8.4,8.95,996300.0,0.0,1.0,1249.92,1300.32,1209.6,1288.8,6918.75
2014-05-01,8.9,8.99,8.71,8.76,827900.0,0.0,1.0,1281.6,1294.56,1254.24,1261.44,5749.3055555555
2014-05-02,8.79,8.95,8.79,8.93,459300.0,0.0,1.0,1265.76,1288.8,1265.76,1285.92,3189.5833333333
2014-05-05,8.89,9.05,8.79,9.01,587600.0,0.0,1.0,1280.16,1303.2,1265.76,1297.44,4080.5555555555
2014-05-06,8.94,8.99,8.65,8.77,624600.0,0.0,1.0,1287.36,1294.56,1245.6,1262.88,4337.5
2014-05-07,8.81,8.84,8.45,8.49,549000.0,0.0,1.0,1268.64,1272.96,1216.8,1222.56,3812.5
2014-05-08,8.53,8.7,8.3,8.37,835500.0,0.0,1.0,1228.32,1252.8,1195.2,1205.28,5802.0833333333
2014-05-09,8.33,8.51,8.3,8.51,812700.0,0.0,1.0,1199.52,1225.44,1195.2,1225.44,5643.75
2014-05-12,8.53,8.98,8.53,8.93,423100.0,0.0,1.0,1228.32,1293.12,1228.32,1285.92,2938.1944444444
2014-05-13,8.94,8.94,8.77,8.81,540000.0,0.0,1.0,1287.36,1287.36,1262.88,1268.64,3750.0
2014-05-14,8.79,8.83,8.54,8.61,505700.0,0.0,1.0,1265.76,1271.52,1229.76,1239.84,3511.8055555555
2014-05-15,8.54,8.73,8.54,8.7,567100.0,0.0,1.0,1229.76,1257.12,1229.76,1252.8,3938.1944444444
2014-05-16,8.66,8.77,8.59,8.76,336000.0,0.0,1.0,1247.04,1262.88,1236.96,1261.44,2333.3333333333
2014-05-19,8.69,8.89,8.65,8.76,418600.0,0.0,1.0,1251.36,1280.16,1245.6,1261.44,2906.9444444444
2014-05-20,8.78,8.78,8.64,8.67,616900.0,0.0,1.0,1264.32,1264.32,1244.16,1248.48,4284.0277777778
2014-05-21,8.73,8.78,8.68,8.76,431100.0,0.0,1.0,1257.12,1264.32,1249.92,1261.44,2993.75
2014-05-22,8.76,8.9,8.76,8.78,210400.0,0.0,1.0,1261.44,1281.6,1261.44,1264.32,1461.1111111111
2014-05-23,8.82,8.9,8.72,8.87,206900.0,0.0,1.0,1270.08,1281.6,1255.68,1277.28,1436.8055555555
2014-05-27,8.97,9.24,8.86,9.21,373300.0,0.0,1.0,1291.68,1330.56,1275.84,1326.24,2592.3611111111
2014-05-28,9.18,9.39,9.18,9.27,320500.0,0.0,1.0,1321.92,1352.16,1321.92,1334.88,2225.6944444444
2014-05-29,9.28,9.35,9.2,9.21,151600.0,0.0,1.0,1336.32,1346.4,1324.8,1326.24,1052.7777777778
2014-05-30,9.25,9.32,9.05,9.19,289700.0,0.0,1.0,1332.0,1342.08,1303.2,1323.36,2011.8055555555
2014-06-02,9.17,9.29,8.81,8.96,257500.0,0.0,1.0,1320.48,1337.76,1268.64,1290.24,1788.1944444444
2014-06-03,8.9,9.04,8.88,8.97,286300.0,0.0,1.0,1281.6,1301.76,1278.72,1291.68,1988.1944444444
2014-06-04,8.9,9.05,8.82,9.0,258300.0,0.0,1.0,1281.6,1303.2,1270.08,1296.0,1793.75
2014-06-05,9.04,9.2,8.96,9.2,350200.0,0.0,1.0,1301.76,1324.8,1290.24,1324.8,2431.9444444444
2014-06-06,9.28,9.35,9.1,9.3,348900.0,0.0,1.0,1336.32,1346.4,1310.4,1339.2,2422.9166666667
2014-06-09,9.26,9.46,9.11,9.32,256300.0,0.0,1.0,1333.44,1362.24,1311.84,1342.08,1779.8611111111
2014-06-10,9.25,9.38,9.2,9.29,176400.0,0.0,1.0,1332.0,1350.72,1324.8,1337.76,1225.0
2014-06-11,9.28,9.32,9.15,9.18,199800.0,0.0,1.0,1336.32,1342.08,1317.6,1321.92,1387.5
2014-06-12,9.15,9.18,8.95,9.04,250200.0,0.0,1.0,1317.6,1321.92,1288.8,1301.76,1737.5
2014-06-13,9.09,9.16,9.02,9.14,365200.0,0.0,1.0,1308.96,1319.04,1298.88,1316.16,2536.1111111111
2014-06-16,9.15,9.44,9.15,9.35,547300.0,0.0,1.0,1317.6,1359.36,1317.6,1346.4,3800.6944444444
2014-06-17,9.35,9.35,9.21,9.28,262900.0,0.0,1.0,1346.4,1346.4,1326.24,1336.32,1825.6944444444
2014-06-18,9.3,9.31,9.2,9.29,370800.0,0.0,1.0,1339.2,1340.64,1324.8,1337.76,2575.0
2014-06-19,9.37,9.38,9.05,9.15,364000.0,0.0,1.0,1349.28,1350.72,1303.2,1317.6,2527.7777777778
2014-06-20,9.21,9.25,9.1,9.21,617800.0,0.0,1.0,1326.24,1332.0,1310.4,1326.24,4290.2777777778
2014-06-23,9.25,9.25,9.0,9.02,161000.0,0.0,1.0,1332.0,1332.0,1296.0,1298.88,1118.0555555556
2014-06-24,8.99,8.99,8.62,8.65,809400.0,0.0,1.0,1294.56,1294.56,1241.28,1245.6,5620.8333333333
2014-06-25,8.57,8.8,8.56,8.8,327500.0,0.0,1.0,1234.08,1267.2,1232.64,1267.2,2274.3055555555
2014-06-26,8.79,8.79,8.65,8.73,140900.0,0.0,1.0,1265.76,1265.76,1245.6,1257.12,978.47222222222
2014-06-27,8.65,8.88,8.65,8.81,1350200.0,0.0,1.0,1245.6,1278.72,1245.6,1268.64,9376.3888888889
2014-06-30,8.76,8.9,8.7,8.9,544200.0,0.0,1.0,1261.44,1281.6,1252.8,1281.6,3779.1666666667
2014-07-01,8.88,9.02,8.8,8.99,441100.0,0.0,1.0,1278.72,1298.88,1267.2,1294.56,3063.1944444444
2014-07-02,8.95,9.09,8.92,8.95,403800.0,0.0,1.0,1288.8,1308.96,1284.48,1288.8,2804.1666666667
2014-07-03,8.99,9.06,8.88,9.04,172100.0,0.0,1.0,1294.56,1304.64,1278.72,1301.76,1195.1388888889
2014-07-07,8.97,8.97,8.71,8.81,334900.0,0.0,1.0,1291.68,1291.68,1254.24,1268.64,2325.6944444444
2014-07-08,8.83,8.85,8.7,8.75,522000.0,0.0,1.0,1271.52,1274.4,1252.8,1260.0,3625.0
2014-07-09,8.78,8.83,8.71,8.77,960700.0,0.0,1.0,1264.32,1271.52,1254.24,1262.88,6671.5277777778
2014-07-10,8.55,8.77,8.51,8.65,523700.0,0.0,1.0,1231.2,1262.88,1225.44,1245.6,3636.8055555555
2014-07-11,8.61,8.76,8.59,8.6,408200.0,0.0,1.0,1239.84,1261.44,1236.96,1238.4,2834.7222222222
2014-07-14,8.73,8.78,8.68,8.73,262000.0,0.0,1.0,1257.12,1264.32,1249.92,1257.12,1819.4444444444
2014-07-15,8.69,8.76,8.53,8.62,375200.0,0.0,1.0,1251.36,1261.44,1228.32,1241.28,2605.5555555555
2014-07-16,8.7,8.7,8.52,8.57,366300.0,0.0,1.0,1252.8,1252.8,1226.88,1234.08,2543.75
2014-07-17,8.55,8.78,8.46,8.49,331500.0,0.0,1.0,1231.2,1264.32,1218.24,1222.56,2302.0833333333
2014-07-18,8.44,8.71,8.44,8.71,259700.0,0.0,1.0,1215.36,1254.24,1215.36,1254.24,1803.4722222222
2014-07-21,8.62,8.62,8.49,8.54,134800.0,0.0,1.0,1241.28,1241.28,1222.56,1229.76,936.11111111111
2014-07-22,8.56,8.73,8.45,8.56,353100.0,0.0,1.0,1232.64,1257.12,1216.8,1232.64,2452.0833333333
2014-07-23,8.55,8.61,8.38,8.45,292500.0,0.0,1.0,1231.2,1239.84,1206.72,1216.8,2031.25
2014-07-24,8.44,8.53,8.32,8.34,337300.0,0.0,1.0,1215.36,1228.32,1198.08,1200.96,2342.3611111111
2014-07-25,8.26,8.36,8.2,8.29,286000.0,0.0,1.0,1189.44,1203.84,1180.8,1193.76,1986.1111111111
2014-07-28,8.3,8.35,8.21,8.24,276238.0,0.0,1.0,1195.2,1202.4,1182.24,1186.56,1918.3194444444
2014-07-29,8.165,8.28,8.07,8.13,501592.0,0.0,1.0,1175.76,1192.32,1162.08,1170.72,3483.2777777778
2014-07-30,8.53,8.67,7.95,8.0,413768.0,0.0,1.0,1228.32,1248.48,1144.8,1152.0,2873.3888888889
2014-07-31,8.05,8.075,7.59,7.69,1113201.0,0.0,1.0,1159.2,1162.8,1092.96,1107.36,7730.5625
2014-08-01,7.74,8.0,7.66,7.8,688571.0,0.0,1.0,1114.56,1152.0,1103.04,1123.2,4781.7430555555
2014-08-04,7.85,7.91,7.71,7.88,649600.0,0.0,1.0,1130.4,1139.04,1110.24,1134.72,4511.1111111111
2014-08-05,7.9,7.9699,7.84,7.92,432162.0,0.0,1.0,1137.6,1147.6656,1128.96,1140.48,3001.125
2014-08-06,7.98,7.985,7.85,7.89,322863.0,0.0,1.0,1149.12,1149.84,1130.4,1136.16,2242.1041666667
2014-08-07,7.98,7.965,7.7,7.75,316212.0,0.0,1.0,1149.12,1146.96,1108.8,1116.0,2195.9166666667
2014-08-08,7.65,7.82,7.65,7.81,167296.0,0.0,1.0,1101.6,1126.08,1101.6,1124.64,1161.7777777778
2014-08-11,7.88,7.99,7.74,7.83,897696.0,0.0,1.0,1134.72,1150.56,1114.56,1127.52,6234.0
2014-08-12,7.79,7.95,7.56,7.7,733767.0,0.0,1.0,1121.76,1144.8,1088.64,1108.8,5095.6041666666
2014-08-13,7.71,7.76,7.65,7.67,573431.0,0.0,1.0,1110.24,1117.44,1101.6,1104.48,3982.1597222222
2014-08-14,7.75,7.97,7.66,7.95,764726.0,0.0,1.0,1116.0,1147.68,1103.04,1144.8,5310.5972222222
2014-08-15,8.08,8.1,7.83,7.84,725153.0,0.0,1.0,1163.52,1166.4,1127.52,1128.96,5035.7847222222
2014-08-18,8.0,8.26,7.93,8.26,603078.0,0.0,1.0,1152.0,1189.44,1141.92,1189.44,4188.0416666666
2014-08-19,8.24,8.26,8.12,8.16,346254.0,0.0,1.0,1186.56,1189.44,1169.28,1175.04,2404.5416666667
2014-08-20,8.03,8.17,7.97,8.15,398755.0,0.0,1.0,1156.32,1176.48,1147.68,1173.6,2769.1319444444
2014-08-21,8.17,8.21,8.0,8.13,207868.0,0.0,1.0,1176.48,1182.24,1152.0,1170.72,1443.5277777778
2014-08-22,8.04,8.12,7.98,8.0,446126.0,0.0,1.0,1157.76,1169.28,1149.12,1152.0,3098.0972222222
2014-08-25,8.01,8.09,7.9,7.91,404316.0,0.0,1.0,1153.44,1164.96,1137.6,1139.04,2807.75
2014-08-26,7.94,8.05,7.9099,8.03,218160.0,0.0,1.0,1143.36,1159.2,1139.0256,1156.32,1515.0
2014-08-27,8.02,8.12,7.93,7.94,171491.0,0.0,1.0,1154.88,1169.28,1141.92,1143.36,1190.9097222222
2014-08-28,7.95,8.04,7.9,7.9,188621.0,0.0,1.0,1144.8,1157.76,1137.6,1137.6,1309.8680555556
2014-08-29,7.97,8.0,7.9,7.98,243350.0,0.0,1.0,1147.68,1152.0,1137.6,1149.12,1689.9305555555
2014-09-02,7.97,8.06,7.84,7.96,408036.0,0.0,1.0,1147.68,1160.64,1128.96,1146.24,2833.5833333333
2014-09-03,8.14,8.26,8.02,8.04,932321.0,0.0,1.0,1172.16,1189.44,1154.88,1157.76,6474.4513888889
2014-09-04,8.07,8.23,8.02,8.16,1181068.0,0.0,1.0,1162.08,1185.12,1154.88,1175.04,8201.8611111111
2014-09-05,8.14,8.21,8.08,8.15,1076588.0,0.0,1.0,1172.16,1182.24,1163.52,1173.6,7476.3055555555
2014-09-08,8.19,8.22,8.06,8.1,636835.0,0.0,1.0,1179.36,1183.68,1160.64,1166.4,4422.4652777778
2014-09-09,8.07,8.09,7.95,8.02,518966.0,0.0,1.0,1162.08,1164.96,1144.8,1154.88,3603.9305555555
2014-09-10,8.01,8.17,7.94,8.17,967834.0,0.0,1.0,1153.44,1176.48,1143.36,1176.48,6721.0694444444
2014-09-11,8.12,8.16,7.94,8.06,635344.0,0.0,1.0,1169.28,1175.04,1143.36,1160.64,4412.1111111111
2014-09-12,8.0,8.08,7.63,7.68,841031.0,0.0,1.0,1152.0,1163.52,1098.72,1105.92,5840.4930555555
2014-09-15,7.66,7.75,7.5,7.51,710147.0,0.0,1.0,1103.04,1116.0,1080.0,1081.44,4931.5763888889
2014-09-16,7.55,7.61,7.4,7.55,877869.0,0.0,1.0,1087.2,1095.84,1065.6,1087.2,6096.3125
2014-09-17,7.55,7.71,7.53,7.62,436812.0,0.0,1.0,1087.2,1110.24,1084.32,1097.28,3033.4166666667
2014-09-18,7.65,7.65,7.45,7.58,562491.0,0.0,1.0,1101.6,1101.6,1072.8,1091.52,3906.1875
2014-09-19,7.75,7.86,7.17,7.21,839363.0,0.0,1.0,1116.0,1131.84,1032.48,1038.24,5828.9097222222
2014-09-22,7.19,7.2766,6.81,6.82,1204808.0,0.0,1.0,1035.36,1047.8304,980.64,982.08,8366.7222222222
2014-09-23,6.78,6.9,6.555,6.61,1481943.0,0.0,1.0,976.32,993.6,943.92,951.84,10291.270833333
2014-09-24,6.66,6.67,6.45,6.49,5938907.0,0.0,1.0,959.04,960.48,928.8,934.56,41242.409722222
2014-09-25,6.47,6.48,5.75,6.15,3719873.0,0.0,1.0,931.68,933.12,828.0,885.6,25832.451388889
2014-09-26,6.1,6.16,5.97,6.11,1207958.0,0.0,1.0,878.4,887.04,859.68,879.84,8388.5972222222
2014-09-29,6.05,6.2099,6.02,6.06,904705.0,0.0,1.0,871.2,894.2256,866.88,872.64,6282.6736111111
2014-09-30,6.06,6.15,5.82,5.82,865670.0,0.0,1.0,872.64,885.6,838.08,838.08,6011.5972222222
2014-10-01,5.84,5.8799,5.62,5.63,1514813.0,0.0,1.0,840.96,846.7056,809.28,810.72,10519.534722222
2014-10-02,5.7,5.83,5.57,5.81,1127352.0,0.0,1.0,820.8,839.52,802.08,836.64,7828.8333333333
2014-10-03,5.9,6.06,5.9,6.0,1199360.0,0.0,1.0,849.6,872.64,849.6,864.0,8328.8888888889
2014-10-06,6.02,6.08,5.66,5.76,1458139.0,0.0,1.0,866.88,875.52,815.04,829.44,10125.965277778
2014-10-07,5.86,5.87,5.55,5.55,1027866.0,0.0,1.0,843.84,845.28,799.2,799.2,7137.9583333333
2014-10-08,5.58,5.595,5.1,5.28,1742729.0,0.0,1.0,803.52,805.68,734.4,760.32,12102.284722222
2014-10-09,5.25,5.35,4.95,4.99,2023129.0,0.0,1.0,756.0,770.4,712.8,718.56,14049.506944444
2014-10-10,4.93,5.02,4.66,4.77,2348386.0,0.0,1.0,709.92,722.88,671.04,686.88,16308.236111111
2014-10-13,4.89,4.9,4.47,4.49,1912489.0,0.0,1.0,704.16,705.6,643.68,646.56,13281.173611111
2014-10-14,4.53,4.57,4.19,4.46,2133686.0,0.0,1.0,652.32,658.08,603.36,642.24,14817.263888889
2014-10-15,4.39,4.47,4.0,4.47,6371435.0,0.0,1.0,632.16,643.68,576.0,643.68,44246.076388889
2014-10-16,4.52,4.808,4.38,4.76,2525838.0,0.0,1.0,650.88,692.352,630.72,685.44,17540.541666667
2014-10-17,4.81,4.88,4.75,4.85,2311187.0,0.0,1.0,692.64,702.72,684.0,698.4,16049.909722222
2014-10-20,4.85,5.11,4.83,4.96,1236592.0,0.0,1.0,698.4,735.84,695.52,714.24,8587.4444444444
2014-10-21,5.09,5.35,5.08,5.19,2165777.0,0.0,1.0,732.96,770.4,731.52,747.36,15040.118055555
2014-10-22,5.3,5.56,4.93,4.96,1314105.0,0.0,1.0,763.2,800.64,709.92,714.24,9125.7291666666
2014-10-23,5.02,5.06,4.69,4.72,1034005.0,0.0,1.0,722.88,728.64,675.36,679.68,7180.5902777777
2014-10-24,4.7,4.785,4.58,4.72,834643.0,0.0,1.0,676.8,689.04,659.52,679.68,5796.1319444444
2014-10-27,4.6,4.7,4.47,4.68,1257390.0,0.0,1.0,662.4,676.8,643.68,673.92,8731.875
2014-10-28,4.68,4.91,4.68,4.85,1143220.0,0.0,1.0,673.92,707.04,673.92,698.4,7939.0277777777
2014-10-29,4.84,5.04,4.6,4.89,1604813.0,0.0,1.0,696.96,725.76,662.4,704.16,11144.534722222
2014-10-30,4.82,4.925,4.71,4.85,1142840.0,0.0,1.0,694.08,709.2,678.24,698.4,7936.3888888889
2014-10-31,4.98,5.04,4.845,4.89,654093.0,0.0,1.0,717.12,725.76,697.68,704.16,4542.3125
2014-11-03,4.88,4.95,4.83,4.84,500448.0,0.0,1.0,702.72,712.8,695.52,696.96,3475.3333333333
2014-11-04,4.87,4.93,4.61,4.69,1097675.0,0.0,1.0,701.28,709.92,663.84,675.36,7622.7430555555
2014-11-06,4.6,4.65,4.49,4.49,821185.0,0.0,1.0,662.4,669.6,646.56,646.56,5702.6736111111
2014-11-07,4.51,4.56,4.4558,4.54,930012.0,0.0,1.0,649.44,656.64,641.6352,653.76,6458.4166666666
2014-11-10,4.55,4.6,4.46,4.56,615199.0,0.0,1.0,655.2,662.4,642.24,656.64,4272.2152777778
2014-11-11,4.67,4.7,4.43,4.45,1212359.0,0.0,1.0,672.48,676.8,637.92,640.8,8419.1597222222
2014-11-12,4.43,4.46,4.36,4.4,3597132.0,0.0,1.0,637.92,642.24,627.84,633.6,24980.083333333
2014-11-17,3.88,4.02,3.73,3.9,2406204.0,0.0,1.0,558.72,578.88,537.12,561.6,16709.75
2014-11-18,3.89,3.96,3.75,3.88,1177284.0,0.0,1.0,560.16,570.24,540.0,558.72,8175.5833333333
2014-11-19,3.86,3.87,3.67,3.69,1181723.0,0.0,1.0,555.84,557.28,528.48,531.36,8206.4097222222
2014-11-20,3.65,3.7,3.43,3.62,2819517.0,0.0,1.0,525.6,532.8,493.92,521.28,19579.979166667
2014-11-21,3.71,3.819,3.55,3.65,4127610.0,0.0,1.0,534.24,549.936,511.2,525.6,28663.958333333
2014-11-24,3.65,3.69,3.53,3.58,1376336.0,0.0,1.0,525.6,531.36,508.32,515.52,9557.8888888888
2014-11-25,3.57,3.59,3.34,3.39,4200087.0,0.0,1.0,514.08,516.96,480.96,488.16,29167.270833333
2014-11-26,3.4,3.46,3.34,3.4,643941.0,0.0,1.0,489.6,498.24,480.96,489.6,4471.8125
2014-11-28,3.43,3.43,3.27,3.27,778589.0,0.0,1.0,493.92,493.92,470.88,470.88,5406.8680555555
2014-12-01,3.22,3.29,2.95,2.96,3348364.0,0.0,1.0,463.68,473.76,424.8,426.24,23252.527777778
2014-12-02,2.97,3.11,2.83,2.84,1789615.0,0.0,1.0,427.68,447.84,407.52,408.96,12427.881944444
2014-12-04,3.06,3.07,2.975,3.05,923490.0,0.0,1.0,440.64,442.08,428.4,439.2,6413.125
2014-12-05,3.08,3.105,2.81,2.83,1545715.0,0.0,1.0,443.52,447.12,404.64,407.52,10734.131944444
2014-12-09,2.45,2.49,2.32,2.4,1204608.0,0.0,1.0,352.8,358.56,334.08,345.6,8365.3333333333
2014-12-10,2.39,2.39,2.03,2.09,2343051.0,0.0,1.0,344.16,344.16,292.32,300.96,16271.1875
2014-12-12,2.0,2.09,1.97,2.05,2384330.0,0.0,1.0,288.0,300.96,283.68,295.2,16557.847222222
2014-12-15,2.08,2.09,1.91,1.94,2369069.0,0.0,1.0,299.52,300.96,275.04,279.36,16451.868055555
2014-12-16,1.92,1.96,1.9,1.91,2597814.0,0.0,1.0,276.48,282.24,273.6,275.04,18040.375
2014-12-17,1.91,2.04,1.76,1.95,10390137.0,0.0,1.0,275.04,293.76,253.44,280.8,72153.729166666
2014-12-18,2.11,2.11,1.901,1.93,3098145.0,0.0,1.0,303.84,303.84,273.744,277.92,21514.895833333
2014-12-19,1.96,2.02,1.92,2.01,3631082.0,0.0,1.0,282.24,290.88,276.48,289.44,25215.847222222
2014-12-22,2.05,2.12,1.9,2.08,3522090.0,0.0,1.0,295.2,305.28,273.6,299.52,24458.958333333
2014-12-23,2.13,2.2,2.1,2.12,2325498.0,0.0,1.0,306.72,316.8,302.4,305.28,16149.291666667
2014-12-24,2.1,2.11,2.02,2.06,987502.0,0.0,1.0,302.4,303.84,290.88,296.64,6857.6527777777
2014-12-26,2.03,2.09,1.93,1.96,698812.0,0.0,1.0,292.32,300.96,277.92,282.24,4852.8611111111
2014-12-31,1.92,2.075,1.9,1.97,1601021.0,0.0,1.0,276.48,298.8,273.6,283.68,11118.201388889
2015-01-02,1.99,2.02,1.88,1.95,549402.0,0.0,1.0,286.56,290.88,270.72,280.8,3815.2916666667
2015-01-05,1.89,1.9,1.72,1.86,1143325.0,0.0,1.0,272.16,273.6,247.68,267.84,7939.7569444444
2015-01-06,1.86,1.98,1.8,1.95,1804913.0,0.0,1.0,267.84,285.12,259.2,280.8,12534.118055556
2015-01-08,1.96,2.35,1.94,2.21,3727133.0,0.0,1.0,282.24,338.4,279.36,318.24,25882.868055555
2015-01-12,2.1,2.22,2.06,2.14,2415910.0,0.0,1.0,302.4,319.68,296.64,308.16,16777.152777778
2015-01-14,2.05,2.15,1.98,2.02,4990223.0,0.0,1.0,295.2,309.6,285.12,290.88,34654.326388889
2015-01-15,2.03,2.07,2.0,2.05,1340827.0,0.0,1.0,292.32,298.08,288.0,295.2,9311.2986111111
2015-01-20,2.09,2.11,1.97,1.99,1281531.0,0.0,1.0,300.96,303.84,283.68,286.56,8899.5208333333
2015-01-21,2.0,2.002,1.91,1.93,1256706.0,0.0,1.0,288.0,288.288,275.04,277.92,8727.125
2015-01-22,1.94,1.94,1.845,1.89,4608824.0,0.0,1.0,279.36,279.36,265.68,272.16,32005.722222222
2015-01-23,1.89,1.9,1.82,1.82,1583136.0,0.0,1.0,272.16,273.6,262.08,262.08,10994.0
2015-01-26,1.82,1.84,1.71,1.74,2782923.0,0.0,1.0,262.08,264.96,246.24,250.56,19325.854166667
2015-01-28,1.68,1.7,1.3,1.31,4520650.0,0.0,1.0,241.92,244.8,187.2,188.64,31393.402777778
2015-01-29,1.28,1.46,1.3,1.43,2289369.0,0.0,1.0,184.32,210.24,187.2,205.92,15898.395833333
2015-01-30,1.41,1.53,1.33,1.49,2222928.0,0.0,1.0,203.04,220.32,191.52,214.56,15437.0
2015-02-02,1.51,1.69,1.49,1.66,3157384.0,0.0,1.0,217.44,243.36,214.56,239.04,21926.277777778
2015-02-03,1.67,2.0,1.66,1.98,2835930.0,0.0,1.0,240.48,288.0,239.04,285.12,19693.958333333
2015-02-04,2.0,2.14,1.9,2.12,5511345.0,0.0,1.0,288.0,308.16,273.6,305.28,38273.229166667
2015-02-05,2.07,2.23,2.0,2.2,7694227.0,0.0,1.0,298.08,321.12,288.0,316.8,53432.131944444
2015-02-06,2.19,2.29,1.98,2.09,3090268.0,0.0,1.0,315.36,329.76,285.12,300.96,21460.194444444
2015-02-09,2.03,2.13,1.99,2.04,2189846.0,0.0,1.0,292.32,306.72,286.56,293.76,15207.263888889
2015-02-10,2.08,2.11,1.97,2.0,1682150.0,0.0,1.0,299.52,303.84,283.68,288.0,11681.597222222
2015-02-11,2.02,2.04,1.92,1.99,7474060.0,0.0,1.0,290.88,293.76,276.48,286.56,51903.194444444
2015-02-12,1.98,2.0,1.95,1.99,1052635.0,0.0,1.0,285.12,288.0,280.8,286.56,7309.9652777777
2015-02-13,2.02,2.2,1.94,2.17,4282345.0,0.0,1.0,290.88,316.8,279.36,312.48,29738.506944444
2015-02-17,2.17,2.18,1.99,2.01,1799955.0,0.0,1.0,312.48,313.92,286.56,289.44,12499.6875
2015-02-18,2.04,2.14,1.9801,2.09,1232422.0,0.0,1.0,293.76,308.16,285.1344,300.96,8558.4861111111
2015-02-19,2.09,2.21,2.07,2.17,1316966.0,0.0,1.0,300.96,318.24,298.08,312.48,9145.5972222222
2015-02-20,2.24,2.31,2.18,2.24,1664919.0,0.0,1.0,322.56,332.64,313.92,322.56,11561.9375
2015-02-23,2.29,2.32,2.11,2.2,1348017.0,0.0,1.0,329.76,334.08,303.84,316.8,9361.2291666666
2015-02-24,2.2,2.2186,2.06,2.11,747762.0,0.0,1.0,316.8,319.4784,296.64,303.84,5192.7916666666
2015-02-25,2.1,2.31,2.09,2.29,1655790.0,0.0,1.0,302.4,332.64,300.96,329.76,11498.541666667
2015-02-26,2.29,2.45,2.16,2.42,4290321.0,0.0,1.0,329.76,352.8,311.04,348.48,29793.895833333
2015-02-27,2.47,2.55,2.34,2.55,3129997.0,0.0,1.0,355.68,367.2,336.96,367.2,21736.090277778
2015-03-02,2.57,2.76,2.37,2.71,4582305.0,0.0,1.0,370.08,397.44,341.28,390.24,31821.5625
2015-03-03,2.71,2.717,2.565,2.7,4295046.0,0.0,1.0,390.24,391.248,369.36,388.8,29826.708333333
2015-03-04,2.59,2.77,2.45,2.76,3275189.0,0.0,1.0,372.96,398.88,352.8,397.44,22744.368055555
2015-03-05,2.56,2.7,2.52,2.57,2369388.0,0.0,1.0,368.64,388.8,362.88,370.08,16454.083333333
2015-03-06,2.51,2.54,2.45,2.5,1356695.0,0.0,1.0,361.44,365.76,352.8,360.0,9421.4930555555
2015-03-09,2.51,2.57,2.335,2.36,1791462.0,0.0,1.0,361.44,370.08,336.24,339.84,12440.708333333
2015-03-10,2.31,2.34,2.08,2.09,1736524.0,0.0,1.0,332.64,336.96,299.52,300.96,12059.194444444
2015-03-11,2.08,2.2,2.07,2.16,1330101.0,0.0,1.0,299.52,316.8,298.08,311.04,9236.8125
2015-03-12,2.17,2.21,2.14,2.19,836362.0,0.0,1.0,312.48,318.24,308.16,315.36,5808.0694444444
2015-03-13,2.18,2.32,2.11,2.3,1171488.0,0.0,1.0,313.92,334.08,303.84,331.2,8135.3333333333
2015-03-16,2.32,2.5,2.25,2.28,1192543.0,0.0,1.0,334.08,360.0,324.0,328.32,8281.5486111111
2015-03-17,2.26,2.34,2.25,2.29,873530.0,0.0,1.0,325.44,336.96,324.0,329.76,6066.1805555555
2015-03-18,2.27,2.38,2.26,2.37,851919.0,0.0,1.0,326.88,342.72,325.44,341.28,5916.1041666666
2015-03-19,2.37,2.51,2.34,2.41,1541253.0,0.0,1.0,341.28,361.44,336.96,347.04,10703.145833333
2015-03-20,2.41,2.45,2.31,2.42,919233.0,0.0,1.0,347.04,352.8,332.64,348.48,6383.5625
2015-03-23,2.41,2.63,2.41,2.5,905552.0,0.0,1.0,347.04,378.72,347.04,360.0,6288.5555555555
2015-03-24,2.5,2.52,2.47,2.49,395489.0,0.0,1.0,360.0,362.88,355.68,358.56,2746.4513888889
2015-03-25,2.5,2.5,2.37,2.37,651963.0,0.0,1.0,360.0,360.0,341.28,341.28,4527.5208333333
2015-03-26,2.36,2.43,2.28,2.29,710125.0,0.0,1.0,339.84,349.92,328.32,329.76,4931.4236111111
2015-03-27,2.28,2.35,2.25,2.3,940361.0,0.0,1.0,328.32,338.4,324.0,331.2,6530.2847222222
2015-03-30,2.31,2.37,2.29,2.33,635182.0,0.0,1.0,332.64,341.28,329.76,335.52,4410.9861111111
2015-03-31,2.31,2.4,2.31,2.37,769880.0,0.0,1.0,332.64,345.6,332.64,341.28,5346.3888888889
2015-04-01,2.35,2.4,2.07,2.21,1747557.0,0.0,1.0,338.4,345.6,298.08,318.24,12135.8125
2015-04-02,2.19,2.27,2.11,2.23,1408693.0,0.0,1.0,315.36,326.88,303.84,321.12,9782.5902777777
2015-04-06,2.23,2.3,2.2,2.21,1078691.0,0.0,1.0,321.12,331.2,316.8,318.24,7490.9097222222
2015-04-07,2.2,2.31,2.2,2.24,1159561.0,0.0,1.0,316.8,332.64,316.8,322.56,8052.5069444444
2015-04-08,2.25,2.3,2.05,2.06,1097495.0,0.0,1.0,324.0,331.2,295.2,296.64,7621.4930555555
2015-04-09,2.05,2.13,1.99,2.02,1030561.0,0.0,1.0,295.2,306.72,286.56,290.88,7156.6736111111
2015-04-10,2.04,2.13,2.03,2.12,487582.0,0.0,1.0,293.76,306.72,292.32,305.28,3385.9861111111
2015-04-13,2.13,2.2,1.985,2.02,1082375.0,0.0,1.0,306.72,316.8,285.84,290.88,7516.4930555555
2015-04-14,2.03,2.06,1.96,2.0,579400.0,0.0,1.0,292.32,296.64,282.24,288.0,4023.6111111111
2015-04-15,2.04,2.13,2.01,2.09,1103767.0,0.0,1.0,293.76,306.72,289.44,300.96,7665.0486111111
2015-04-16,2.09,2.16,2.04,2.1,614043.0,0.0,1.0,300.96,311.04,293.76,302.4,4264.1875
2015-04-17,2.1,2.12,2.02,2.02,732417.0,0.0,1.0,302.4,305.28,290.88,290.88,5086.2291666666
2015-04-20,2.04,2.23,2.02,2.22,1758934.0,0.0,1.0,293.76,321.12,290.88,319.68,12214.819444444
2015-04-21,2.25,2.26,2.08,2.1,838920.0,0.0,1.0,324.0,325.44,299.52,302.4,5825.8333333333
2015-04-22,2.16,2.25,2.16,2.2,1093432.0,0.0,1.0,311.04,324.0,311.04,316.8,7593.2777777777
2015-04-23,2.2,2.35,2.18,2.34,1154625.0,0.0,1.0,316.8,338.4,313.92,336.96,8018.2291666666
2015-04-24,2.35,2.72,2.35,2.48,1949160.0,0.0,1.0,338.4,391.68,338.4,357.12,13535.833333333
2015-04-27,2.5,2.57,2.45,2.57,1797408.0,0.0,1.0,360.0,370.08,352.8,370.08,12482.0
2015-04-28,2.51,2.58,2.365,2.51,1455688.0,0.0,1.0,361.44,371.52,340.56,361.44,10108.944444444
2015-04-29,2.46,2.54,2.4,2.46,1195813.0,0.0,1.0,354.24,365.76,345.6,354.24,8304.2569444444
2015-04-30,2.43,2.47,2.31,2.41,1475998.0,0.0,1.0,349.92,355.68,332.64,347.04,10249.986111111
2015-05-01,2.42,2.47,2.35,2.46,814550.0,0.0,1.0,348.48,355.68,338.4,354.24,5656.5972222222
2015-05-04,2.45,2.54,2.45,2.5,1024124.0,0.0,1.0,352.8,365.76,352.8,360.0,7111.9722222222
2015-05-05,2.64,2.66,2.5,2.53,1270013.0,0.0,1.0,380.16,383.04,360.0,364.32,8819.5347222222
2015-05-06,2.54,2.59,2.4853,2.57,1192823.0,0.0,1.0,365.76,372.96,357.8832,370.08,8283.4930555555
2015-05-07,2.55,2.59,2.52,2.58,500676.0,0.0,1.0,367.2,372.96,362.88,371.52,3476.9166666667
2015-05-08,2.61,2.73,2.57,2.65,1213279.0,0.0,1.0,375.84,393.12,370.08,381.6,8425.5486111111
2015-05-11,2.63,2.69,2.595,2.65,418329.0,0.0,1.0,378.72,387.36,373.68,381.6,2905.0625
2015-05-12,2.64,2.9488,2.64,2.65,1791642.0,0.0,1.0,380.16,424.6272,380.16,381.6,12441.958333333
2015-05-13,2.73,2.74,2.58,2.68,681252.0,0.0,1.0,393.12,394.56,371.52,385.92,4730.9166666666
2015-05-14,2.68,2.71,2.58,2.66,1031322.0,0.0,1.0,385.92,390.24,371.52,383.04,7161.9583333333
2015-05-15,2.65,2.69,2.56,2.59,435019.0,0.0,1.0,381.6,387.36,368.64,372.96,3020.9652777778
2015-05-18,2.57,2.67,2.55,2.56,659719.0,0.0,1.0,370.08,384.48,367.2,368.64,4581.3819444444
2015-05-19,2.55,2.57,2.41,2.47,968996.0,0.0,1.0,367.2,370.08,347.04,355.68,6729.1388888889
2015-05-20,2.48,2.55,2.42,2.5,763097.0,0.0,1.0,357.12,367.2,348.48,360.0,5299.2847222222
2015-05-21,2.5,2.53,2.48,2.5,1104351.0,0.0,1.0,360.0,364.32,357.12,360.0,7669.1041666666
2015-05-22,2.48,2.5099,2.44,2.48,1567950.0,0.0,1.0,357.12,361.4256,351.36,357.12,10888.541666667
2015-05-26,2.46,2.465,2.25,2.29,798048.0,0.0,1.0,354.24,354.96,324.0,329.76,5542.0
2015-05-27,2.28,2.435,2.26,2.42,1150729.0,0.0,1.0,328.32,350.64,325.44,348.48,7991.1736111111
2015-05-28,2.42,2.449,2.36,2.42,927491.0,0.0,1.0,348.48,352.656,339.84,348.48,6440.9097222222
2015-05-29,2.4,2.425,2.32,2.37,1811712.0,0.0,1.0,345.6,349.2,334.08,341.28,12581.333333333
2015-06-01,2.39,2.42,2.33,2.4,1338365.0,0.0,1.0,344.16,348.48,335.52,345.6,9294.2013888889
2015-06-02,2.4,2.48,2.39,2.48,1419006.0,0.0,1.0,345.6,357.12,344.16,357.12,9854.2083333333
2015-06-03,2.48,2.52,2.44,2.51,1096995.0,0.0,1.0,357.12,362.88,351.36,361.44,7618.0208333333
2015-06-04,2.5,2.54,2.36,2.38,984406.0,0.0,1.0,360.0,365.76,339.84,342.72,6836.1527777777
2015-06-05,2.38,2.47,2.36,2.46,880655.0,0.0,1.0,342.72,355.68,339.84,354.24,6115.6597222222
2015-06-08,2.47,2.48,2.41,2.42,889954.0,0.0,1.0,355.68,357.12,347.04,348.48,6180.2361111111
2015-06-09,2.41,2.41,2.14,2.17,1024343.0,0.0,1.0,347.04,347.04,308.16,312.48,7113.4930555555
2015-06-10,1.85,1.85,1.59,1.6,20179527.0,0.0,1.0,266.4,266.4,228.96,230.4,140135.60416667
2015-06-11,1.55,1.6,1.5,1.59,36047197.0,0.0,1.0,223.2,230.4,216.0,228.96,250327.75694444
2015-06-12,1.59,1.69,1.57,1.65,6957596.0,0.0,1.0,228.96,243.36,226.08,237.6,48316.638888889
2015-06-15,1.64,1.65,1.6,1.64,2341953.0,0.0,1.0,236.16,237.6,230.4,236.16,16263.5625
2015-06-16,1.66,1.73,1.61,1.72,2867444.0,0.0,1.0,239.04,249.12,231.84,247.68,19912.805555555
2015-06-17,1.74,1.785,1.7,1.74,2823130.0,0.0,1.0,250.56,257.04,244.8,250.56,19605.069444444
2015-06-18,1.72,1.745,1.6,1.68,1883734.0,0.0,1.0,247.68,251.28,230.4,241.92,13081.486111111
2015-06-19,1.71,1.78,1.69,1.74,2500918.0,0.0,1.0,246.24,256.32,243.36,250.56,17367.486111111
2015-06-22,1.75,1.75,1.66,1.68,1880368.0,0.0,1.0,252.0,252.0,239.04,241.92,13058.111111111
2015-06-23,1.68,1.77,1.65,1.77,3139119.0,0.0,1.0,241.92,254.88,237.6,254.88,21799.4375
2015-06-24,1.77,1.8099,1.71,1.74,3072457.0,0.0,1.0,254.88,260.6256,246.24,250.56,21336.506944444
2015-06-25,1.76,1.77,1.69,1.7,1555993.0,0.0,1.0,253.44,254.88,243.36,244.8,10805.506944444
2015-06-26,1.69,1.8,1.66,1.74,2796407.0,0.0,1.0,243.36,259.2,239.04,250.56,19419.493055555
2015-06-29,1.69,1.73,1.63,1.67,1761117.0,0.0,1.0,243.36,249.12,234.72,240.48,12229.979166667
2015-06-30,1.68,1.68,1.61,1.63,1072860.0,0.0,1.0,241.92,241.92,231.84,234.72,7450.4166666666
2015-07-01,1.65,1.72,1.56,1.63,2558966.0,0.0,1.0,237.6,247.68,224.64,234.72,17770.597222222
2015-07-02,1.65,1.7,1.6,1.68,1354029.0,0.0,1.0,237.6,244.8,230.4,241.92,9402.9791666666
2015-07-06,1.68,1.7,1.555,1.59,3366146.0,0.0,1.0,241.92,244.8,223.92,228.96,23376.013888889
2015-07-07,1.58,1.62,1.52,1.6,3601655.0,0.0,1.0,227.52,233.28,218.88,230.4,25011.493055555
2015-07-08,1.59,1.66,1.54,1.55,1531094.0,0.0,1.0,228.96,239.04,221.76,223.2,10632.597222222
2015-07-09,1.58,1.62,1.54,1.55,1894155.0,0.0,1.0,227.52,233.28,221.76,223.2,13153.854166667
2015-07-10,1.59,1.62,1.56,1.57,932732.0,0.0,1.0,228.96,233.28,224.64,226.08,6477.3055555555
2015-07-14,1.65,1.68,1.545,1.6,3845976.0,0.0,1.0,237.6,241.92,222.48,230.4,26708.166666667
2015-07-15,1.61,1.65,1.56,1.59,2291135.0,0.0,1.0,231.84,237.6,224.64,228.96,15910.659722222
2015-07-16,1.62,1.64,1.64,1.62,1592800.0,0.0,1.0,233.28,236.16,236.16,233.28,11061.111111111
2015-07-17,1.61,1.78,1.61,1.7,7198402.0,0.0,1.0,231.84,256.32,231.84,244.8,49988.902777778
2015-07-20,1.77,1.82,1.739,1.77,9520894.0,0.0,1.0,254.88,262.08,250.416,254.88,66117.319444444
2015-07-21,1.77,1.85,1.77,1.84,6772353.0,0.0,1.0,254.88,266.4,254.88,264.96,47030.229166666
2015-07-22,1.84,1.85,1.79,1.82,3665726.0,0.0,1.0,264.96,266.4,257.76,262.08,25456.430555555
2015-07-23,1.81,1.81,1.78,1.79,2847918.0,0.0,1.0,260.64,260.64,256.32,257.76,19777.208333333
2015-07-24,1.78,1.79,1.65,1.71,931237.0,0.0,1.0,256.32,257.76,237.6,246.24,6466.9236111111
2015-07-27,1.7,1.78,1.62,1.65,3414652.0,0.0,1.0,244.8,256.32,233.28,237.6,23712.861111111
2015-07-28,1.575,1.82,1.46,1.79,5123710.0,0.0,1.0,226.8,262.08,210.24,257.76,35581.319444444
2015-07-29,1.91,1.95,1.82,1.86,4261604.0,0.0,1.0,275.04,280.8,262.08,267.84,29594.472222222
2015-07-30,1.85,1.89,1.79,1.79,4200134.0,0.0,1.0,266.4,272.16,257.76,257.76,29167.597222222
2015-07-31,1.82,1.86,1.77,1.81,19890191.0,0.0,1.0,262.08,267.84,254.88,260.64,138126.32638889
2015-08-03,1.82,1.88,1.81,1.84,2707377.0,0.0,1.0,262.08,270.72,260.64,264.96,18801.229166667
2015-08-04,1.83,1.92,1.83,1.9,1960147.0,0.0,1.0,263.52,276.48,263.52,273.6,13612.131944444
2015-08-05,1.92,1.92,1.76,1.81,1633442.0,0.0,1.0,276.48,276.48,253.44,260.64,11343.347222222
2015-08-06,1.82,1.84,1.73,1.78,2800633.0,0.0,1.0,262.08,264.96,249.12,256.32,19448.840277778
2015-08-07,1.76,1.83,1.75,1.8,1157589.0,0.0,1.0,253.44,263.52,252.0,259.2,8038.8125
2015-08-10,1.8,1.89,1.8,1.86,1577345.0,0.0,1.0,259.2,272.16,259.2,267.84,10953.784722222
2015-08-11,1.84,1.85,1.75,1.79,1566376.0,0.0,1.0,264.96,266.4,252.0,257.76,10877.611111111
2015-08-12,1.75,1.79,1.67,1.77,4086772.0,0.0,1.0,252.0,257.76,240.48,254.88,28380.361111111
2015-08-13,1.75,1.795,1.71,1.73,3045194.0,0.0,1.0,252.0,258.48,246.24,249.12,21147.180555555
2015-08-14,1.71,1.74,1.68,1.71,1735216.0,0.0,1.0,246.24,250.56,241.92,246.24,12050.111111111
2015-08-17,1.71,1.79,1.7,1.76,1859146.0,0.0,1.0,246.24,257.76,244.8,253.44,12910.736111111
2015-08-18,1.75,1.77,1.73,1.75,781541.0,0.0,1.0,252.0,254.88,249.12,252.0,5427.3680555555
2015-08-19,1.75,1.78,1.71,1.76,1263555.0,0.0,1.0,252.0,256.32,246.24,253.44,8774.6875
2015-08-20,1.75,1.76,1.65,1.69,1735771.0,0.0,1.0,252.0,253.44,237.6,243.36,12053.965277778
2015-08-21,1.63,1.7,1.59,1.65,1180956.0,0.0,1.0,234.72,244.8,228.96,237.6,8201.0833333333
2015-08-24,1.47,1.64,1.47,1.6,2008420.0,0.0,1.0,211.68,236.16,211.68,230.4,13947.361111111
2015-08-25,1.62,1.67,1.6,1.67,1679586.0,0.0,1.0,233.28,240.48,230.4,240.48,11663.791666667
2015-08-26,1.71,1.71,1.6,1.65,1222189.0,0.0,1.0,246.24,246.24,230.4,237.6,8487.4236111111
2015-08-27,1.64,1.66,1.63,1.65,901778.0,0.0,1.0,236.16,239.04,234.72,237.6,6262.3472222222
2015-08-28,1.65,1.71,1.63,1.67,1147128.0,0.0,1.0,237.6,246.24,234.72,240.48,7966.1666666666
2015-08-31,1.65,1.66,1.63,1.64,3149242.0,0.0,1.0,237.6,239.04,234.72,236.16,21869.736111111
2015-09-01,1.63,1.65,1.5826,1.63,1202590.0,0.0,1.0,234.72,237.6,227.8944,234.72,8351.3194444444
2015-09-02,1.64,1.67,1.6,1.65,1436181.0,0.0,1.0,236.16,240.48,230.4,237.6,9973.4791666666
2015-09-03,1.66,1.705,1.63,1.65,995605.0,0.0,1.0,239.04,245.52,234.72,237.6,6913.9236111111
2015-09-04,1.62,1.65,1.57,1.62,1113400.0,0.0,1.0,233.28,237.6,226.08,233.28,7731.9444444444
2015-09-08,1.64,1.65,1.59,1.61,1061566.0,0.0,1.0,236.16,237.6,228.96,231.84,7371.9861111111
2015-09-09,1.61,1.615,1.59,1.61,1779002.0,0.0,1.0,231.84,232.56,228.96,231.84,12354.180555556
2015-09-10,1.6,1.63,1.56,1.6,874454.0,0.0,1.0,230.4,234.72,224.64,230.4,6072.5972222222
2015-09-11,1.58,1.63,1.57,1.62,1305787.0,0.0,1.0,227.52,234.72,226.08,233.28,9067.9652777777
2015-09-14,1.62,1.62,1.56,1.57,1804003.0,0.0,1.0,233.28,233.28,224.64,226.08,12527.798611111
2015-09-15,1.56,1.62,1.55,1.6,1203647.0,0.0,1.0,224.64,233.28,223.2,230.4,8358.6597222222
2015-09-16,1.59,1.73,1.59,1.62,1317818.0,0.0,1.0,228.96,249.12,228.96,233.28,9151.5138888889
2015-09-17,1.62,1.7,1.62,1.66,3360119.0,0.0,1.0,233.28,244.8,233.28,239.04,23334.159722222
2015-09-18,1.64,1.66,1.61,1.66,1703426.0,0.0,1.0,236.16,239.04,231.84,239.04,11829.347222222
2015-09-21,1.67,1.75,1.65,1.75,2284666.0,0.0,1.0,240.48,252.0,237.6,252.0,15865.736111111
2015-09-22,1.7,1.73,1.62,1.66,970963.0,0.0,1.0,244.8,249.12,233.28,239.04,6742.7986111111
2015-09-23,1.65,1.67,1.59,1.59,1031473.0,0.0,1.0,237.6,240.48,228.96,228.96,7163.0069444444
2015-09-24,1.58,1.61,1.55,1.57,2023778.0,0.0,1.0,227.52,231.84,223.2,226.08,14054.013888889
2015-09-25,1.59,1.61,1.54,1.55,1513216.0,0.0,1.0,228.96,231.84,221.76,223.2,10508.444444444
2015-09-28,1.56,1.58,1.49,1.5,1660228.0,0.0,1.0,224.64,227.52,214.56,216.0,11529.361111111
2015-09-29,1.51,1.51,1.42,1.42,2836138.0,0.0,1.0,217.44,217.44,204.48,204.48,19695.402777778
2015-09-30,1.42,1.47,1.4,1.46,1489739.0,0.0,1.0,204.48,211.68,201.6,210.24,10345.409722222
2015-10-01,1.47,1.55,1.47,1.52,695919.0,0.0,1.0,211.68,223.2,211.68,218.88,4832.7708333333
2015-10-02,1.52,1.55,1.49,1.52,863886.0,0.0,1.0,218.88,223.2,214.56,218.88,5999.2083333333
2015-10-05,1.55,1.65,1.53,1.63,1094675.0,0.0,1.0,223.2,237.6,220.32,234.72,7601.9097222222
2015-10-06,1.63,1.63,1.54,1.55,980150.0,0.0,1.0,234.72,234.72,221.76,223.2,6806.5972222222
2015-10-07,1.57,1.6,1.55,1.6,791442.0,0.0,1.0,226.08,230.4,223.2,230.4,5496.125
2015-10-08,1.58,1.615,1.53,1.54,1095389.0,0.0,1.0,227.52,232.56,220.32,221.76,7606.8680555555
2015-10-09,1.56,1.6,1.52,1.54,1168696.0,0.0,1.0,224.64,230.4,218.88,221.76,8115.9444444444
2015-10-12,1.55,1.55,1.46,1.47,1460069.0,0.0,1.0,223.2,223.2,210.24,211.68,10139.368055556
2015-10-13,1.47,1.49,1.46,1.48,481040.0,0.0,1.0,211.68,214.56,210.24,213.12,3340.5555555555
2015-10-14,1.49,1.51,1.47,1.49,223319.0,0.0,1.0,214.56,217.44,211.68,214.56,1550.8263888889
2015-10-15,1.5,1.56,1.47,1.54,1177911.0,0.0,1.0,216.0,224.64,211.68,221.76,8179.9375
2015-10-16,1.55,1.55,1.45,1.52,729753.0,0.0,1.0,223.2,223.2,208.8,218.88,5067.7291666666
2015-10-19,1.52,1.52,1.45,1.46,449828.0,0.0,1.0,218.88,218.88,208.8,210.24,3123.8055555555
2015-10-20,1.46,1.53,1.45,1.5,618029.0,0.0,1.0,210.24,220.32,208.8,216.0,4291.8680555555
2015-10-21,1.47,1.49,1.41,1.45,797515.0,0.0,1.0,211.68,214.56,203.04,208.8,5538.2986111111
2015-10-22,1.47,1.5,1.43,1.45,535276.0,0.0,1.0,211.68,216.0,205.92,208.8,3717.1944444444
2015-10-23,1.47,1.5,1.43,1.5,537999.0,0.0,1.0,211.68,216.0,205.92,216.0,3736.1041666667
2015-10-26,1.51,1.51,1.395,1.43,2399869.0,0.0,1.0,217.44,217.44,200.88,205.92,16665.756944444
2015-10-27,1.41,1.42,1.34,1.36,893049.0,0.0,1.0,203.04,204.48,192.96,195.84,6201.7291666666
2015-10-28,1.37,1.37,1.3,1.36,1580206.0,0.0,1.0,197.28,197.28,187.2,195.84,10973.652777778
2015-10-29,1.37,1.43,1.37,1.4,1624824.0,0.0,1.0,197.28,205.92,197.28,201.6,11283.5
2015-10-30,1.4,1.41,1.37,1.4,1608741.0,0.0,1.0,201.6,203.04,197.28,201.6,11171.8125
2015-11-02,1.43,1.46,1.37,1.4,576619.0,0.0,1.0,205.92,210.24,197.28,201.6,4004.2986111111
2015-11-03,1.39,1.4,1.26,1.27,3966447.0,0.0,1.0,200.16,201.6,181.44,182.88,27544.770833333
2015-11-04,1.26,1.26,1.16,1.2,1863727.0,0.0,1.0,181.44,181.44,167.04,172.8,12942.548611111
2015-11-05,1.2,1.21,1.16,1.21,1382037.0,0.0,1.0,172.8,174.24,167.04,174.24,9597.4791666666
2015-11-06,1.2,1.3,1.2,1.3,3496149.0,0.0,1.0,172.8,187.2,172.8,187.2,24278.8125
2015-11-09,1.31,1.31,1.23,1.27,756100.0,0.0,1.0,188.64,188.64,177.12,182.88,5250.6944444444
2015-11-10,1.26,1.26,1.19,1.19,1225037.0,0.0,1.0,181.44,181.44,171.36,171.36,8507.2013888889
2015-11-11,1.2,1.2,1.11,1.13,1522435.0,0.0,1.0,172.8,172.8,159.84,162.72,10572.465277778
2015-11-12,1.12,1.2,1.12,1.15,1015707.0,0.0,1.0,161.28,172.8,161.28,165.6,7053.5208333333
2015-11-13,1.13,1.18,1.13,1.17,662453.0,0.0,1.0,162.72,169.92,162.72,168.48,4600.3680555555
2015-11-16,1.18,1.18,1.15,1.16,483881.0,0.0,1.0,169.92,169.92,165.6,167.04,3360.2847222222
2015-11-17,1.18,1.19,1.14,1.15,730935.0,0.0,1.0,169.92,171.36,164.16,165.6,5075.9375
2015-11-18,1.13,1.13,0.8397,0.8701,12176310.0,0.0,1.0,162.72,162.72,120.9168,125.2944,84557.708333333
2015-11-19,0.88,0.8869,0.8247,0.8654,3792518.0,0.0,1.0,126.72,127.7136,118.7568,124.6176,26336.930555555
2015-11-20,0.8761,0.8761,0.8001,0.8381,2124160.0,0.0,1.0,126.1584,126.1584,115.2144,120.6864,14751.111111111
2015-11-23,0.8313,0.859,0.825,0.8353,2538324.0,0.0,1.0,119.7072,123.696,118.8,120.2832,17627.25
2015-11-24,0.83,0.8845,0.83,0.8597,4998257.0,0.0,1.0,119.52,127.368,119.52,123.7968,34710.118055555
2015-11-25,0.8724,0.9163,0.8546,0.8691,833600.0,0.0,1.0,125.6256,131.9472,123.0624,125.1504,5788.8888888889
2015-11-27,0.88,0.945,0.879,0.9413,620424.0,0.0,1.0,126.72,136.08,126.576,135.5472,4308.5
2015-11-30,0.9491,0.95,0.86,0.9026,6342012.0,0.0,1.0,136.6704,136.8,123.84,129.9744,44041.75
2015-12-01,0.9,0.91,0.8442,0.8645,1053011.0,0.0,1.0,129.6,131.04,121.5648,124.488,7312.5763888889
2015-12-02,0.87,0.89,0.8415,0.852,887000.0,0.0,1.0,125.28,128.16,121.176,122.688,6159.7222222222
2015-12-03,0.8599,0.87,0.7778,0.84,2033565.0,0.0,1.0,123.8256,125.28,112.0032,120.96,14121.979166667
2015-12-04,0.84,0.8502,0.83,0.8462,3347458.0,0.0,1.0,120.96,122.4288,119.52,121.8528,23246.236111111
2015-12-07,0.8499,0.8632,0.7405,0.7799,2589533.0,0.0,1.0,122.3856,124.3008,106.632,112.3056,17982.868055555
2015-12-08,0.76,0.8253,0.75,0.7965,1056913.0,0.0,1.0,109.44,118.8432,108.0,114.696,7339.6736111111
2015-12-09,0.8299,0.9,0.7799,0.8501,1684006.0,0.0,1.0,119.5056,129.6,112.3056,122.4144,11694.486111111
2015-12-10,0.846,0.9102,0.8451,0.8754,1201160.0,0.0,1.0,121.824,131.0688,121.6944,126.0576,8341.3888888889
2015-12-11,0.85,0.8819,0.8001,0.8125,2284092.0,0.0,1.0,122.4,126.9936,115.2144,117.0,15861.75
2015-12-14,0.8199,0.82,0.79375,0.8001,752379.0,0.0,1.0,118.0656,118.08,114.3,115.2144,5224.8541666666
2015-12-15,0.79,0.8097,0.728,0.7551,2072542.0,0.0,1.0,113.76,116.5968,104.832,108.7344,14392.652777778
2015-12-16,0.7699,0.7699,0.6365,0.6625,2787600.0,0.0,1.0,110.8656,110.8656,91.656,95.4,19358.333333333
2015-12-17,0.6729,0.7229,0.6138,0.6191,721164.0,0.0,1.0,96.8976,104.0976,88.3872,89.1504,5008.0833333333
2015-12-18,0.62,0.658,0.6136,0.6199,1444614.0,0.0,1.0,89.28,94.752,88.3584,89.2656,10032.041666667
2015-12-21,0.62,0.6282,0.598,0.5999,705088.0,0.0,1.0,89.28,90.4608,86.112,86.3856,4896.4444444444
2015-12-22,0.61,0.6288,0.5692,0.6193,1345036.0,0.0,1.0,87.84,90.5472,81.9648,89.1792,9340.5277777777
2015-12-23,0.611,0.67,0.579,0.66,2703480.0,0.0,1.0,87.984,96.48,83.376,95.04,18774.166666667
2015-12-24,0.67,0.8157,0.67,0.7398,730030.0,0.0,1.0,96.48,117.4608,96.48,106.5312,5069.6527777778
2015-12-28,0.74,0.78,0.7248,0.7501,808880.0,0.0,1.0,106.56,112.32,104.3712,108.0144,5617.2222222222
2015-12-29,0.721,0.8,0.711,0.72,947033.0,0.0,1.0,103.824,115.2,102.384,103.68,6576.6180555555
2015-12-30,0.73,0.7671,0.681,0.705,866684.0,0.0,0.083333333333333,8.76,9.2052,8.172,8.46,72223.666666667
2015-12-31,8.88,10.68,8.52,9.89,278491.0,0.0,0.083333333333333,8.88,10.68,8.52,9.89,278491.0
2016-01-04,9.87,9.87,7.82,8.34,421555.0,0.0,1.0,9.87,9.87,7.82,8.34,421555.0
2016-01-05,8.25,8.25,6.36,6.51,884866.0,0.0,1.0,8.25,8.25,6.36,6.51,884866.0
2016-01-06,6.44,6.61,5.2,5.4,607207.0,0.0,1.0,6.44,6.61,5.2,5.4,607207.0
2016-01-07,5.24,5.24,4.38,4.75,881172.0,0.0,1.0,5.24,5.24,4.38,4.75,881172.0
2016-01-08,4.74,5.07,4.6,4.89,593205.0,0.0,1.0,4.74,5.07,4.6,4.89,593205.0
2016-01-11,4.91,5.02,4.73,4.75,623101.0,0.0,1.0,4.91,5.02,4.73,4.75,623101.0
2016-01-12,4.76,4.765,3.57,3.74,911013.0,0.0,1.0,4.76,4.765,3.57,3.74,911013.0
2016-01-13,3.77,3.77,2.83,3.01,1058078.0,0.0,1.0,3.77,3.77,2.83,3.01,1058078.0
2016-01-14,3.04,4.0,3.04,3.75,916198.0,0.0,1.0,3.04,4.0,3.04,3.75,916198.0
2016-01-15,3.59,3.69,3.36,3.65,560592.0,0.0,1.0,3.59,3.69,3.36,3.65,560592.0
2016-01-19,3.61,3.77,3.41,3.67,622265.0,0.0,1.0,3.61,3.77,3.41,3.67,622265.0
2016-01-20,3.63,3.9,3.33,3.86,908283.0,0.0,1.0,3.63,3.9,3.33,3.86,908283.0
2016-01-21,3.85,3.95,3.645,3.67,1077200.0,0.0,1.0,3.85,3.95,3.645,3.67,1077200.0
2016-01-22,3.81,3.89,3.58,3.75,714603.0,0.0,1.0,3.81,3.89,3.58,3.75,714603.0
2016-01-25,3.77,3.77,3.28,3.38,691521.0,0.0,1.0,3.77,3.77,3.28,3.38,691521.0
2016-01-26,3.63,4.06,3.61,3.78,412003.0,0.0,1.0,3.63,4.06,3.61,3.78,412003.0
2016-01-27,3.8,3.97,3.67,3.72,452448.0,0.0,1.0,3.8,3.97,3.67,3.72,452448.0
2016-01-28,3.76,3.86,3.44,3.49,613150.0,0.0,1.0,3.76,3.86,3.44,3.49,613150.0
2016-01-29,3.53,3.5399,3.212,3.28,489176.0,0.0,1.0,3.53,3.5399,3.212,3.28,489176.0
2016-02-01,3.29,3.44,3.16,3.28,323972.0,0.0,1.0,3.29,3.44,3.16,3.28,323972.0
2016-02-02,3.28,3.34,2.91,2.95,372758.0,0.0,1.0,3.28,3.34,2.91,2.95,372758.0
2016-02-03,3.15,3.28,3.02,3.1,422237.0,0.0,1.0,3.15,3.28,3.02,3.1,422237.0
2016-02-04,3.05,3.3281,2.98,3.01,470017.0,0.0,1.0,3.05,3.3281,2.98,3.01,470017.0
2016-02-05,2.99,3.08,2.64,2.75,451278.0,0.0,1.0,2.99,3.08,2.64,2.75,451278.0
2016-02-08,2.65,2.7601,2.33,2.48,806618.0,0.0,1.0,2.65,2.7601,2.33,2.48,806618.0
2016-02-09,2.35,2.35,1.9899,2.09,833299.0,0.0,1.0,2.35,2.35,1.9899,2.09,833299.0
2016-02-10,2.07,2.12,1.94,1.96,363145.0,0.0,1.0,2.07,2.12,1.94,1.96,363145.0
2016-02-11,1.94,1.99,1.79,1.84,352865.0,0.0,1.0,1.94,1.99,1.79,1.84,352865.0
2016-02-12,1.89,2.02,1.8,1.97,305947.0,0.0,1.0,1.89,2.02,1.8,1.97,305947.0
2016-02-16,2.04,2.4,1.96,2.29,531828.0,0.0,1.0,2.04,2.4,1.96,2.29,531828.0
2016-02-17,2.31,2.45,2.14,2.14,583813.0,0.0,1.0,2.31,2.45,2.14,2.14,583813.0
2016-02-18,2.29,2.29,2.0,2.09,418004.0,0.0,1.0,2.29,2.29,2.0,2.09,418004.0
2016-02-19,2.06,2.12,2.0,2.05,229904.0,0.0,1.0,2.06,2.12,2.0,2.05,229904.0
2016-02-22,2.1,2.3,2.08,2.2,322933.0,0.0,1.0,2.1,2.3,2.08,2.2,322933.0
2016-02-23,2.19,2.32,2.09,2.1,255478.0,0.0,1.0,2.19,2.32,2.09,2.1,255478.0
2016-02-24,2.0,2.13,1.8405,2.02,480213.0,0.0,1.0,2.0,2.13,1.8405,2.02,480213.0
2016-02-25,2.01,2.05,1.978,2.0,335673.0,0.0,1.0,2.01,2.05,1.978,2.0,335673.0
2016-02-26,2.04,2.74,2.01,2.36,1487691.0,0.0,1.0,2.04,2.74,2.01,2.36,1487691.0
2016-02-29,2.36,3.47,2.29,3.15,3114455.0,0.0,1.0,2.36,3.47,2.29,3.15,3114455.0
2016-03-01,3.12,3.27,2.83,2.92,1120703.0,0.0,1.0,3.12,3.27,2.83,2.92,1120703.0
2016-03-02,2.86,3.17,2.71,3.15,768572.0,0.0,1.0,2.86,3.17,2.71,3.15,768572.0
2016-03-03,3.17,4.14,3.15,3.89,1222354.0,0.0,1.0,3.17,4.14,3.15,3.89,1222354.0
2016-03-04,3.93,5.82,3.93,4.67,2186125.0,0.0,1.0,3.93,5.82,3.93,4.67,2186125.0
2016-03-07,4.54,4.915,4.39,4.48,1132387.0,0.0,1.0,4.54,4.915,4.39,4.48,1132387.0
2016-03-08,4.48,4.5732,3.99,4.0,712360.0,0.0,1.0,4.48,4.5732,3.99,4.0,712360.0
2016-03-09,4.0,4.0,3.7048,3.84,405633.0,0.0,1.0,4.0,4.0,3.7048,3.84,405633.0
2016-03-11,3.55,3.985,3.55,3.92,584316.0,0.0,1.0,3.55,3.985,3.55,3.92,584316.0
2016-03-14,3.91,4.14,3.84,4.02,520070.0,0.0,1.0,3.91,4.14,3.84,4.02,520070.0
2016-03-15,3.92,4.01,3.42,3.6,478381.0,0.0,1.0,3.92,4.01,3.42,3.6,478381.0
2016-03-16,3.53,3.75,3.495,3.68,223572.0,0.0,1.0,3.53,3.75,3.495,3.68,223572.0
2016-03-17,3.13,3.24,2.86,2.95,7028590.0,0.0,1.0,3.13,3.24,2.86,2.95,7028590.0
2016-03-18,2.97,3.01,2.84,2.99,1810451.0,0.0,1.0,2.97,3.01,2.84,2.99,1810451.0
2016-03-21,2.89,3.07,2.76,3.03,832712.0,0.0,1.0,2.89,3.07,2.76,3.03,832712.0
2016-03-22,2.96,3.12,2.92,3.04,461959.0,0.0,1.0,2.96,3.12,2.92,3.04,461959.0
2016-03-23,3.0,3.25,2.88,3.01,909670.0,0.0,1.0,3.0,3.25,2.88,3.01,909670.0
2016-03-24,2.96,3.22,2.93,3.12,594798.0,0.0,1.0,2.96,3.22,2.93,3.12,594798.0
2016-03-28,3.18,3.25,2.93,3.16,524297.0,0.0,1.0,3.18,3.25,2.93,3.16,524297.0
2016-03-29,3.1,3.24,2.96,3.14,819837.0,0.0,1.0,3.1,3.24,2.96,3.14,819837.0
2016-03-30,3.19,3.3524,3.08,3.19,748374.0,0.0,1.0,3.19,3.3524,3.08,3.19,748374.0
2016-03-31,3.25,3.34,3.18,3.28,2523376.0,0.0,1.0,3.25,3.34,3.18,3.28,2523376.0
2016-04-01,3.2,3.28,3.08,3.2,639460.0,0.0,1.0,3.2,3.28,3.08,3.2,639460.0
2016-04-04,3.24,3.35,3.14,3.19,1303186.0,0.0,1.0,3.24,3.35,3.14,3.19,1303186.0
2016-04-05,3.16,3.325,3.05,3.25,755008.0,0.0,1.0,3.16,3.325,3.05,3.25,755008.0
2016-04-06,3.25,3.33,3.12,3.28,459611.0,0.0,1.0,3.25,3.33,3.12,3.28,459611.0
2016-04-07,3.24,3.58,3.24,3.35,856686.0,0.0,1.0,3.24,3.58,3.24,3.35,856686.0
2016-04-08,3.42,3.62,3.35,3.45,823195.0,0.0,1.0,3.42,3.62,3.35,3.45,823195.0
2016-04-11,3.5,3.94,3.5,3.85,795308.0,0.0,1.0,3.5,3.94,3.5,3.85,795308.0
2016-04-12,3.88,3.891,3.57,3.68,707297.0,0.0,1.0,3.88,3.891,3.57,3.68,707297.0
2016-04-13,3.69,3.919,3.63,3.86,566731.0,0.0,1.0,3.69,3.919,3.63,3.86,566731.0
2016-04-14,4.02,4.36,3.91,3.97,1310658.0,0.0,1.0,4.02,4.36,3.91,3.97,1310658.0
2016-04-15,3.98,4.08,3.87,3.99,764079.0,0.0,1.0,3.98,4.08,3.87,3.99,764079.0
2016-04-18,3.94,4.14,3.84,4.03,365635.0,0.0,1.0,3.94,4.14,3.84,4.03,365635.0
2016-04-19,4.14,4.29,4.07,4.1,602900.0,0.0,1.0,4.14,4.29,4.07,4.1,602900.0
2016-04-20,4.15,4.4,4.04,4.1,660853.0,0.0,1.0,4.15,4.4,4.04,4.1,660853.0
2016-04-21,4.18,4.445,4.1,4.12,1026797.0,0.0,1.0,4.18,4.445,4.1,4.12,1026797.0
2016-04-22,4.08,4.505,4.08,4.2,697695.0,0.0,1.0,4.08,4.505,4.08,4.2,697695.0
2016-04-25,4.16,4.2,3.85,4.03,875774.0,0.0,1.0,4.16,4.2,3.85,4.03,875774.0
2016-04-26,3.98,4.1,3.8,4.06,376100.0,0.0,1.0,3.98,4.1,3.8,4.06,376100.0
2016-04-27,4.04,4.11,3.9,4.03,329180.0,0.0,1.0,4.04,4.11,3.9,4.03,329180.0
2016-04-28,3.94,4.5,3.9201,4.05,1560178.0,0.0,1.0,3.94,4.5,3.9201,4.05,1560178.0
2016-04-29,4.1,4.245,3.8,3.85,897704.0,0.0,1.0,4.1,4.245,3.8,3.85,897704.0
2016-05-02,3.93,3.94,3.6,3.76,786662.0,0.0,1.0,3.93,3.94,3.6,3.76,786662.0
2016-05-03,3.5,3.9,3.34,3.86,993151.0,0.0,1.0,3.5,3.9,3.34,3.86,993151.0
2016-05-04,3.91,4.0,3.78,3.86,314549.0,0.0,1.0,3.91,4.0,3.78,3.86,314549.0
2016-05-05,3.69,3.79,3.48,3.64,975810.0,0.0,1.0,3.69,3.79,3.48,3.64,975810.0
2016-05-06,3.59,3.76,3.59,3.64,326975.0,0.0,1.0,3.59,3.76,3.59,3.64,326975.0
2016-05-09,3.6,3.7,3.44,3.52,357341.0,0.0,1.0,3.6,3.7,3.44,3.52,357341.0
2016-05-10,3.52,3.69,3.4525,3.63,226731.0,0.0,1.0,3.52,3.69,3.4525,3.63,226731.0
2016-05-11,3.59,3.81,3.51,3.65,306629.0,0.0,1.0,3.59,3.81,3.51,3.65,306629.0
2016-05-12,3.68,3.89,3.49,3.53,363484.0,0.0,1.0,3.68,3.89,3.49,3.53,363484.0
2016-05-13,3.52,3.7,3.51,3.61,307894.0,0.0,1.0,3.52,3.7,3.51,3.61,307894.0
2016-05-16,3.62,3.79,3.62,3.69,237282.0,0.0,1.0,3.62,3.79,3.62,3.69,237282.0
2016-05-17,3.66,3.89,3.55,3.64,382652.0,0.0,1.0,3.66,3.89,3.55,3.64,382652.0
2016-05-18,3.55,3.7,3.55,3.6,281846.0,0.0,1.0,3.55,3.7,3.55,3.6,281846.0
2016-05-19,3.57,3.71,3.475,3.61,449519.0,0.0,1.0,3.57,3.71,3.475,3.61,449519.0
2016-05-20,3.64,3.68,3.49,3.61,227253.0,0.0,1.0,3.64,3.68,3.49,3.61,227253.0
2016-05-23,3.6,3.7,3.58,3.63,158424.0,0.0,1.0,3.6,3.7,3.58,3.63,158424.0
2016-05-24,3.65,3.68,3.59,3.63,269490.0,0.0,1.0,3.65,3.68,3.59,3.63,269490.0
2016-05-25,3.65,3.67,3.6,3.67,257987.0,0.0,1.0,3.65,3.67,3.6,3.67,257987.0
2016-05-26,3.68,3.69,3.59,3.65,237497.0,0.0,1.0,3.68,3.69,3.59,3.65,237497.0
2016-05-27,3.66,3.87,3.634,3.84,392228.0,0.0,1.0,3.66,3.87,3.634,3.84,392228.0
2016-05-31,3.93,4.01,3.89,3.97,324208.0,0.0,1.0,3.93,4.01,3.89,3.97,324208.0
2016-06-01,3.92,4.0,3.84,3.96,359839.0,0.0,1.0,3.92,4.0,3.84,3.96,359839.0
2016-06-02,3.98,3.99,3.79,3.82,184021.0,0.0,1.0,3.98,3.99,3.79,3.82,184021.0
2016-06-03,3.8,3.8,3.65,3.66,249134.0,0.0,1.0,3.8,3.8,3.65,3.66,249134.0
2016-06-06,3.62,3.87,3.6,3.83,494750.0,0.0,1.0,3.62,3.87,3.6,3.83,494750.0
2016-06-07,3.82,3.95,3.73,3.77,296866.0,0.0,1.0,3.82,3.95,3.73,3.77,296866.0
2016-06-08,3.8,3.89,3.73,3.81,580125.0,0.0,1.0,3.8,3.89,3.73,3.81,580125.0
2016-06-09,3.78,3.9,3.645,3.81,883577.0,0.0,1.0,3.78,3.9,3.645,3.81,883577.0
2016-06-10,3.73,3.79,3.62,3.65,326146.0,0.0,1.0,3.73,3.79,3.62,3.65,326146.0
2016-06-13,3.65,3.74,3.5,3.5,288470.0,0.0,1.0,3.65,3.74,3.5,3.5,288470.0
2016-06-14,3.5,3.56,3.13,3.23,429957.0,0.0,1.0,3.5,3.56,3.13,3.23,429957.0
2016-06-15,3.05,3.07,2.895,2.96,3671878.0,0.0,1.0,3.05,3.07,2.895,2.96,3671878.0
2016-06-16,2.96,2.96,2.78,2.87,1462709.0,0.0,1.0,2.96,2.96,2.78,2.87,1462709.0
2016-06-17,2.92,3.05,2.86,2.96,929176.0,0.0,1.0,2.92,3.05,2.86,2.96,929176.0
2016-06-20,3.04,3.065,2.9,2.91,356366.0,0.0,1.0,3.04,3.065,2.9,2.91,356366.0
2016-06-21,2.92,2.92,2.75,2.8,483438.0,0.0,1.0,2.92,2.92,2.75,2.8,483438.0
2016-06-22,2.8,2.92,2.77,2.83,396850.0,0.0,1.0,2.8,2.92,2.77,2.83,396850.0
2016-06-23,2.83,2.94,2.83,2.93,173066.0,0.0,1.0,2.83,2.94,2.83,2.93,173066.0
2016-06-24,2.85,2.86,2.7387,2.85,900286.0,0.0,1.0,2.85,2.86,2.7387,2.85,900286.0
2016-06-27,2.74,2.84,2.635,2.65,740876.0,0.0,1.0,2.74,2.84,2.635,2.65,740876.0
2016-06-28,2.72,2.87,2.7199,2.84,389345.0,0.0,1.0,2.72,2.87,2.7199,2.84,389345.0
2016-06-29,2.89,2.95,2.82,2.92,384141.0,0.0,1.0,2.89,2.95,2.82,2.92,384141.0
2016-06-30,2.94,2.95,2.75,2.79,208664.0,0.0,1.0,2.94,2.95,2.75,2.79,208664.0
2016-07-01,2.8,3.12,2.79,3.04,421579.0,0.0,1.0,2.8,3.12,2.79,3.04,421579.0
2016-07-05,3.09,3.09,2.85,2.94,332133.0,0.0,1.0,3.09,3.09,2.85,2.94,332133.0
2016-07-06,2.9,3.04,2.88,2.95,324062.0,0.0,1.0,2.9,3.04,2.88,2.95,324062.0
2016-07-07,2.98,3.08,2.85,2.91,271108.0,0.0,1.0,2.98,3.08,2.85,2.91,271108.0
2016-07-08,2.96,3.1,2.92,3.05,309614.0,0.0,1.0,2.96,3.1,2.92,3.05,309614.0
2016-07-11,3.08,3.1,3.01,3.05,195438.0,0.0,1.0,3.08,3.1,3.01,3.05,195438.0
2016-07-12,3.1,3.22,3.04,3.15,602178.0,0.0,1.0,3.1,3.22,3.04,3.15,602178.0
2016-07-13,3.21,3.24,2.99,3.15,640262.0,0.0,1.0,3.21,3.24,2.99,3.15,640262.0
2016-07-14,3.2,3.24,3.09,3.1,500359.0,0.0,1.0,3.2,3.24,3.09,3.1,500359.0
2016-07-15,3.13,3.14,3.015,3.08,156947.0,0.0,1.0,3.13,3.14,3.015,3.08,156947.0
2016-07-18,3.07,3.14,3.05,3.12,374220.0,0.0,1.0,3.07,3.14,3.05,3.12,374220.0
2016-07-19,3.09,3.15,3.05,3.05,157400.0,0.0,1.0,3.09,3.15,3.05,3.05,157400.0
2016-07-20,3.06,3.1,2.99,3.07,241460.0,0.0,1.0,3.06,3.1,2.99,3.07,241460.0
2016-07-21,3.05,3.22,3.05,3.11,523219.0,0.0,1.0,3.05,3.22,3.05,3.11,523219.0
2016-07-22,3.1,3.12,3.05,3.06,177124.0,0.0,1.0,3.1,3.12,3.05,3.06,177124.0
2016-07-25,3.07,3.16,3.05,3.15,409428.0,0.0,1.0,3.07,3.16,3.05,3.15,409428.0
2016-07-26,3.16,3.365,3.142,3.24,454436.0,0.0,1.0,3.16,3.365,3.142,3.24,454436.0
2016-07-27,3.25,3.29,3.02,3.26,522808.0,0.0,1.0,3.25,3.29,3.02,3.26,522808.0
2016-07-28,3.3,3.33,3.16,3.26,395690.0,0.0,1.0,3.3,3.33,3.16,3.26,395690.0
2016-07-29,3.25,3.57,3.23,3.29,2152543.0,0.0,1.0,3.25,3.57,3.23,3.29,2152543.0
2016-08-01,3.32,3.32,3.2,3.23,333360.0,0.0,1.0,3.32,3.32,3.2,3.23,333360.0
2016-08-02,3.24,3.34,3.15,3.15,378275.0,0.0,1.0,3.24,3.34,3.15,3.15,378275.0
2016-08-03,3.2,3.365,3.16,3.19,403313.0,0.0,1.0,3.2,3.365,3.16,3.19,403313.0
2016-08-04,3.2,3.31,3.2,3.25,468083.0,0.0,1.0,3.2,3.31,3.2,3.25,468083.0
2016-08-05,3.27,3.49,3.23,3.48,333413.0,0.0,1.0,3.27,3.49,3.23,3.48,333413.0
2016-08-08,3.5,3.54,3.44,3.49,368011.0,0.0,1.0,3.5,3.54,3.44,3.49,368011.0
2016-08-09,3.47,3.5,3.41,3.48,235469.0,0.0,1.0,3.47,3.5,3.41,3.48,235469.0
2016-08-10,3.49,3.5,3.34,3.36,183527.0,0.0,1.0,3.49,3.5,3.34,3.36,183527.0
2016-08-11,3.36,3.41,3.28,3.36,181744.0,0.0,1.0,3.36,3.41,3.28,3.36,181744.0
2016-08-12,3.36,3.39,3.29,3.35,228771.0,0.0,1.0,3.36,3.39,3.29,3.35,228771.0
2016-08-15,3.35,3.42,3.34,3.36,162523.0,0.0,1.0,3.35,3.42,3.34,3.36,162523.0
2016-08-16,3.36,3.36,3.24,3.31,477538.0,0.0,1.0,3.36,3.36,3.24,3.31,477538.0
2016-08-17,3.29,3.34,3.17,3.2,254386.0,0.0,1.0,3.29,3.34,3.17,3.2,254386.0
2016-08-18,3.22,3.29,3.19,3.27,268785.0,0.0,1.0,3.22,3.29,3.19,3.27,268785.0
2016-08-19,3.25,3.28,3.08,3.21,507890.0,0.0,1.0,3.25,3.28,3.08,3.21,507890.0
2016-08-22,3.18,3.18,3.03,3.04,354283.0,0.0,1.0,3.18,3.18,3.03,3.04,354283.0
2016-08-23,3.07,3.17,3.06,3.16,261721.0,0.0,1.0,3.07,3.17,3.06,3.16,261721.0
2016-08-24,3.2,3.315,3.155,3.29,264105.0,0.0,1.0,3.2,3.315,3.155,3.29,264105.0
2016-08-25,3.3,3.31,3.22,3.25,121043.0,0.0,1.0,3.3,3.31,3.22,3.25,121043.0
2016-08-26,3.27,3.51,3.27,3.31,221668.0,0.0,1.0,3.27,3.51,3.27,3.31,221668.0
2016-08-29,3.31,3.47,3.27,3.46,146722.0,0.0,1.0,3.31,3.47,3.27,3.46,146722.0
2016-08-30,3.45,3.51,3.36,3.46,265072.0,0.0,1.0,3.45,3.51,3.36,3.46,265072.0
2016-08-31,3.46,3.52,3.35,3.45,364035.0,0.0,1.0,3.46,3.52,3.35,3.45,364035.0
2016-09-01,3.42,3.47,3.275,3.34,219953.0,0.0,1.0,3.42,3.47,3.275,3.34,219953.0
2016-09-02,3.36,3.44,3.28,3.44,115927.0,0.0,1.0,3.36,3.44,3.28,3.44,115927.0
2016-09-06,3.43,3.535,3.405,3.52,352619.0,0.0,1.0,3.43,3.535,3.405,3.52,352619.0
2016-09-07,3.53,3.91,3.53,3.77,1343302.0,0.0,1.0,3.53,3.91,3.53,3.77,1343302.0
2016-09-08,3.81,3.87,3.7399,3.77,593071.0,0.0,1.0,3.81,3.87,3.7399,3.77,593071.0
2016-09-09,3.77,3.89,3.67,3.74,379033.0,0.0,1.0,3.77,3.89,3.67,3.74,379033.0
2016-09-12,3.66,3.74,3.62,3.65,498345.0,0.0,1.0,3.66,3.74,3.62,3.65,498345.0
2016-09-13,3.6,3.74,3.51,3.65,1089814.0,0.0,1.0,3.6,3.74,3.51,3.65,1089814.0
2016-09-14,3.66,3.66,3.27,3.33,340687.0,0.0,1.0,3.66,3.66,3.27,3.33,340687.0
2016-09-15,3.31,3.44,3.27,3.34,489165.0,0.0,1.0,3.31,3.44,3.27,3.34,489165.0
2016-09-16,3.33,3.47,3.25,3.44,311641.0,0.0,1.0,3.33,3.47,3.25,3.44,311641.0
2016-09-19,3.5,3.805,3.5,3.8,448323.0,0.0,1.0,3.5,3.805,3.5,3.8,448323.0
2016-09-20,3.82,3.88,3.7,3.7,234099.0,0.0,1.0,3.82,3.88,3.7,3.7,234099.0
2016-09-21,3.72,3.86,3.67,3.83,769192.0,0.0,1.0,3.72,3.86,3.67,3.83,769192.0
2016-09-22,3.88,4.0,3.72,3.94,765853.0,0.0,1.0,3.88,4.0,3.72,3.94,765853.0
2016-09-23,3.94,4.0899,3.88,3.99,389432.0,0.0,1.0,3.94,4.0899,3.88,3.99,389432.0
2016-09-26,3.94,4.0,3.72,3.73,270549.0,0.0,1.0,3.94,4.0,3.72,3.73,270549.0
2016-09-27,3.82,4.05,3.47,3.59,798037.0,0.0,1.0,3.82,4.05,3.47,3.59,798037.0
2016-09-28,3.61,3.67,3.37,3.63,354478.0,0.0,1.0,3.61,3.67,3.37,3.63,354478.0
2016-09-29,3.6,3.6,3.37,3.39,492833.0,0.0,1.0,3.6,3.6,3.37,3.39,492833.0
2016-09-30,3.45,3.57,3.39,3.46,359722.0,0.0,1.0,3.45,3.57,3.39,3.46,359722.0
2016-10-03,3.45,3.48,3.36,3.39,197450.0,0.0,1.0,3.45,3.48,3.36,3.39,197450.0
2016-10-04,3.41,3.64,3.41,3.55,371318.0,0.0,1.0,3.41,3.64,3.41,3.55,371318.0
2016-10-05,3.67,4.0,3.6221,3.9,1188948.0,0.0,1.0,3.67,4.0,3.6221,3.9,1188948.0
2016-10-06,3.85,4.02,3.84,3.9,730327.0,0.0,1.0,3.85,4.02,3.84,3.9,730327.0
2016-10-07,3.9,3.9,3.74,3.8,218797.0,0.0,1.0,3.9,3.9,3.74,3.8,218797.0
2016-10-10,3.85,4.03,3.75,3.79,692674.0,0.0,1.0,3.85,4.03,3.75,3.79,692674.0
2016-10-11,3.8,3.815,3.6399,3.66,212309.0,0.0,1.0,3.8,3.815,3.6399,3.66,212309.0
2016-10-12,3.65,3.78,3.55,3.78,354922.0,0.0,1.0,3.65,3.78,3.55,3.78,354922.0
2016-10-13,3.76,3.81,3.64,3.79,204284.0,0.0,1.0,3.76,3.81,3.64,3.79,204284.0
2016-10-14,3.8,3.86,3.71,3.79,246192.0,0.0,1.0,3.8,3.86,3.71,3.79,246192.0
2016-10-17,3.79,3.96,3.635,3.65,316027.0,0.0,1.0,3.79,3.96,3.635,3.65,316027.0
2016-10-18,3.7,3.9,3.66,3.73,371154.0,0.0,1.0,3.7,3.9,3.66,3.73,371154.0
2016-10-19,3.73,3.85,3.65,3.7,338097.0,0.0,1.0,3.73,3.85,3.65,3.7,338097.0
2016-10-20,3.7,3.98,3.7,3.95,433401.0,0.0,1.0,3.7,3.98,3.7,3.95,433401.0
2016-10-21,3.9,4.03,3.83,3.86,318773.0,0.0,1.0,3.9,4.03,3.83,3.86,318773.0
2016-10-24,3.9,3.94,3.82,3.89,301699.0,0.0,1.0,3.9,3.94,3.82,3.89,301699.0
2016-10-25,3.9,3.9,3.77,3.8,291538.0,0.0,1.0,3.9,3.9,3.77,3.8,291538.0
2016-10-26,3.77,3.82,3.7,3.8,441884.0,0.0,1.0,3.77,3.82,3.7,3.8,441884.0
2016-10-27,3.81,3.83,3.72,3.75,285110.0,0.0,1.0,3.81,3.83,3.72,3.75,285110.0
2016-10-28,3.75,3.83,3.73,3.74,488958.0,0.0,1.0,3.75,3.83,3.73,3.74,488958.0
2016-10-31,3.4,3.95,3.35,3.9,866570.0,0.0,1.0,3.4,3.95,3.35,3.9,866570.0
2016-11-01,4.05,4.05,3.7,3.8,520723.0,0.0,1.0,4.05,4.05,3.7,3.8,520723.0
2016-11-02,3.75,3.85,3.65,3.7,356577.0,0.0,1.0,3.75,3.85,3.65,3.7,356577.0
2016-11-03,3.7,3.75,3.5,3.55,586929.0,0.0,1.0,3.7,3.75,3.5,3.55,586929.0
2016-11-04,3.55,3.775,3.5,3.5,386117.0,0.0,1.0,3.55,3.775,3.5,3.5,386117.0
2016-11-07,3.55,3.75,3.55,3.55,226985.0,0.0,1.0,3.55,3.75,3.55,3.55,226985.0
2016-11-08,3.55,3.725,3.5,3.6,510448.0,0.0,1.0,3.55,3.725,3.5,3.6,510448.0
2016-11-09,3.65,3.85,3.5,3.85,484945.0,0.0,1.0,3.65,3.85,3.5,3.85,484945.0
2016-11-10,3.9,4.45,3.9,4.15,2267876.0,0.0,1.0,3.9,4.45,3.9,4.15,2267876.0
2016-11-11,4.1,4.825,4.05,4.75,2001173.0,0.0,1.0,4.1,4.825,4.05,4.75,2001173.0
2016-11-14,5.0,5.5,4.9,5.35,3013126.0,0.0,1.0,5.0,5.5,4.9,5.35,3013126.0
2016-11-15,5.6,5.7,5.05,5.45,3033995.0,0.0,1.0,5.6,5.7,5.05,5.45,3033995.0
2016-11-16,5.5,6.05,5.05,5.8,3559001.0,0.0,1.0,5.5,6.05,5.05,5.8,3559001.0
2016-11-17,6.1,6.2,5.05,5.2,2812566.0,0.0,1.0,6.1,6.2,5.05,5.2,2812566.0
2016-11-18,5.2,5.4818,4.95,5.4,1076698.0,0.0,1.0,5.2,5.4818,4.95,5.4,1076698.0
2016-11-21,5.35,5.45,5.05,5.2,727982.0,0.0,1.0,5.35,5.45,5.05,5.2,727982.0
2016-11-22,5.2,5.7,5.15,5.5,1102163.0,0.0,1.0,5.2,5.7,5.15,5.5,1102163.0
2016-11-23,5.55,5.675,5.35,5.55,641525.0,0.0,1.0,5.55,5.675,5.35,5.55,641525.0
2016-11-25,5.65,5.65,5.2,5.35,950963.0,0.0,1.0,5.65,5.65,5.2,5.35,950963.0
2016-11-28,5.5,5.95,5.3,5.55,1513324.0,0.0,1.0,5.5,5.95,5.3,5.55,1513324.0
2016-11-29,5.45,5.55,5.2,5.25,465600.0,0.0,1.0,5.45,5.55,5.2,5.25,465600.0
2016-11-30,5.3,5.5,5.1,5.2,779725.0,0.0,1.0,5.3,5.5,5.1,5.2,779725.0
2016-12-01,5.25,5.475,5.15,5.25,477912.0,0.0,1.0,5.25,5.475,5.15,5.25,477912.0
2016-12-02,5.15,5.3,5.05,5.1,301324.0,0.0,1.0,5.15,5.3,5.05,5.1,301324.0
2016-12-05,5.15,5.375,5.15,5.25,372574.0,0.0,1.0,5.15,5.375,5.15,5.25,372574.0
2016-12-06,5.2,5.65,5.1,5.6,634280.0,0.0,1.0,5.2,5.65,5.1,5.6,634280.0
2016-12-07,5.6,5.875,5.5,5.6,567985.0,0.0,1.0,5.6,5.875,5.5,5.6,567985.0
2016-12-08,5.65,5.8,5.4,5.55,451115.0,0.0,1.0,5.65,5.8,5.4,5.55,451115.0
2016-12-09,5.5,5.74,5.25,5.4,493675.0,0.0,1.0,5.5,5.74,5.25,5.4,493675.0
2016-12-12,5.5,5.5,5.05,5.1,671705.0,0.0,1.0,5.5,5.5,5.05,5.1,671705.0
2016-12-13,5.05,5.1349,4.6,4.6,1547500.0,0.0,1.0,5.05,5.1349,4.6,4.6,1547500.0
2016-12-14,4.7,4.825,4.5,4.65,863465.0,0.0,1.0,4.7,4.825,4.5,4.65,863465.0
2016-12-15,4.6,5.0,4.55,5.0,957444.0,0.0,1.0,4.6,5.0,4.55,5.0,957444.0
2016-12-16,5.1,5.3,4.8,4.9,970984.0,0.0,1.0,5.1,5.3,4.8,4.9,970984.0
2016-12-19,4.9,5.1,4.9,4.95,417504.0,0.0,1.0,4.9,5.1,4.9,4.95,417504.0
2016-12-20,4.95,4.95,4.75,4.85,354139.0,0.0,1.0,4.95,4.95,4.75,4.85,354139.0
2016-12-21,4.9,4.9,4.6,4.7,1224320.0,0.0,1.0,4.9,4.9,4.6,4.7,1224320.0
2016-12-22,4.7,5.05,4.65,5.0,648263.0,0.0,1.0,4.7,5.05,4.65,5.0,648263.0
2016-12-23,5.05,5.2,4.85,5.05,396061.0,0.0,1.0,5.05,5.2,4.85,5.05,396061.0
2016-12-27,5.0,5.15,4.775,4.8,296946.0,0.0,1.0,5.0,5.15,4.775,4.8,296946.0
2016-12-28,4.8,5.25,4.8,5.1,505005.0,0.0,1.0,4.8,5.25,4.8,5.1,505005.0
2016-12-29,5.15,5.2,5.0,5.1,529095.0,0.0,1.0,5.15,5.2,5.0,5.1,529095.0
